Rk,G,Date,Age,Tm,Unnamed: 5,Opp,Unnamed: 7,GS,MP,FG,FGA,FG%,3P,3PA,3P%,FT,FTA,FT%,ORB,DRB,TRB,AST,STL,BLK,TOV,PF,PTS,GmSc,+/-
1,1,2016-10-26,19-116,PHO,,SAC,L (-19),0,22:12,3,7,0.429,0,0,,1,2,0.5,2,2,4,2,0,1,4,3,7,1.8,-10
2,2,2016-10-28,19-118,PHO,@,OKC,L (-3),0,10:53,3,5,0.6,0,2,0.0,1,2,0.5,1,3,4,0,1,1,1,3,7,5.4,-8
3,3,2016-10-30,19-120,PHO,,GSW,L (-6),0,13:52,3,6,0.5,1,1,1.0,0,0,,1,3,4,0,2,0,1,3,7,5.4,1
4,4,2016-10-31,19-121,PHO,@,LAC,L (-18),0,17:33,2,4,0.5,0,1,0.0,5,6,0.833,0,2,2,1,1,0,3,4,9,4.3,5
5,5,2016-11-02,19-123,PHO,,POR,W (+3),0,15:34,2,5,0.4,0,1,0.0,1,3,0.333,0,4,4,1,0,0,0,1,5,3.0,0
6,6,2016-11-04,19-125,PHO,@,NOP,W (+1),0,10:23,1,3,0.333,0,0,,0,0,,0,2,2,1,1,0,2,2,2,-0.2,-4
7,7,2016-11-06,19-127,PHO,@,LAL,L (-11),0,1:26,0,0,,0,0,,0,0,,0,0,0,0,0,0,0,0,0,0.0,-4
8,8,2016-11-08,19-129,PHO,@,POR,L (-3),1,20:22,3,7,0.429,0,1,0.0,1,2,0.5,2,2,4,0,0,1,1,4,7,3.0,-23
9,9,2016-11-09,19-130,PHO,,DET,W (+7),1,14:09,0,4,0.0,0,1,0.0,0,0,,2,3,5,1,0,0,1,2,0,-1.6,-2
10,10,2016-11-12,19-133,PHO,,BRK,L (-18),1,18:29,7,15,0.467,2,4,0.5,0,0,,2,3,5,0,1,0,2,2,16,8.8,0
11,11,2016-11-13,19-134,PHO,@,GSW,L (-13),1,15:49,2,4,0.5,0,1,0.0,0,0,,1,5,6,1,0,0,4,6,4,-1.5,-10
12,12,2016-11-16,19-137,PHO,@,DEN,L (-16),1,11:58,1,1,1.0,0,0,,0,1,0.0,0,1,1,0,0,0,0,3,2,0.4,-3
13,13,2016-11-18,19-139,PHO,@,IND,W (+20),1,16:03,3,7,0.429,0,1,0.0,1,2,0.5,0,1,1,0,0,3,1,4,7,2.7,-5
14,14,2016-11-19,19-140,PHO,@,PHI,L (-15),1,20:11,2,7,0.286,2,5,0.4,0,2,0.0,0,2,2,1,0,0,3,3,6,-1.8,5
15,15,2016-11-21,19-142,PHO,@,WAS,L (-5),1,15:36,3,8,0.375,1,2,0.5,0,0,,2,1,3,0,0,1,2,3,7,1.8,-2
16,16,2016-11-23,19-144,PHO,@,ORL,W (+5),1,17:11,3,4,0.75,1,1,1.0,3,4,0.75,1,2,3,0,1,1,0,2,10,10.2,-2
17,17,2016-11-25,19-146,PHO,,MIN,L (-13),1,23:24,4,11,0.364,0,3,0.0,1,2,0.5,0,2,2,2,2,1,0,4,9,5.6,-4
18,18,2016-11-27,19-148,PHO,,DEN,L (-6),1,10:02,1,2,0.5,0,0,,0,0,,0,0,0,0,0,1,1,5,2,-1.3,-15
19,19,2016-11-30,19-151,PHO,,ATL,W (+2),1,13:09,2,4,0.5,1,3,0.333,2,2,1.0,0,2,2,0,1,0,0,0,7,6.6,-10
20,20,2016-12-03,19-154,PHO,@,GSW,L (-29),1,24:54,3,8,0.375,1,4,0.25,4,4,1.0,2,2,4,1,0,1,1,5,11,7.0,-1
21,21,2016-12-06,19-157,PHO,@,UTA,L (-7),1,17:21,3,7,0.429,0,2,0.0,0,0,,2,2,4,0,0,0,1,3,6,2.1,-7
22,22,2016-12-07,19-158,PHO,,IND,L (-15),1,19:08,3,6,0.5,2,4,0.5,2,2,1.0,0,3,3,0,2,0,1,2,10,8.1,1
23,23,2016-12-09,19-160,PHO,@,LAL,W (+4),1,7:52,3,5,0.6,1,3,0.333,0,0,,0,1,1,0,0,0,0,3,7,3.8,-3
24,24,2016-12-11,19-162,PHO,,NOP,L (-1),1,17:22,1,5,0.2,0,3,0.0,3,6,0.5,0,5,5,1,0,0,0,4,5,1.3,17
25,25,2016-12-13,19-164,PHO,,NYK,W (+2),1,31:23,5,12,0.417,1,3,0.333,3,3,1.0,4,8,12,0,1,1,1,5,14,11.5,-1
26,26,2016-12-15,19-166,PHO,,SAS,L (-15),1,30:52,4,9,0.444,2,4,0.5,0,0,,1,1,2,0,1,1,0,1,10,7.6,-15
27,27,2016-12-17,19-168,PHO,@,OKC,L (-13),1,23:55,3,11,0.273,1,2,0.5,1,2,0.5,3,5,8,1,0,1,3,2,8,2.3,0
28,28,2016-12-19,19-170,PHO,@,MIN,L (-7),1,16:36,2,6,0.333,1,2,0.5,1,2,0.5,3,1,4,2,1,0,2,2,6,4.2,-3
29,29,2016-12-21,19-172,PHO,,HOU,L (-14),1,15:44,3,7,0.429,1,4,0.25,0,0,,1,2,3,0,0,0,0,2,7,3.8,-8
30,30,2016-12-23,19-174,PHO,,PHI,W (+7),1,7:04,1,2,0.5,1,2,0.5,0,0,,0,1,1,0,0,0,1,5,3,-0.7,11
31,31,2016-12-26,19-177,PHO,@,HOU,L (-16),1,18:53,5,9,0.556,1,4,0.25,1,2,0.5,3,2,5,1,0,2,2,3,12,8.9,-16
32,32,2016-12-28,19-179,PHO,@,SAS,L (-21),1,20:50,5,9,0.556,1,3,0.333,2,6,0.333,2,0,2,1,1,0,3,2,13,6.4,-16
33,33,2016-12-29,19-180,PHO,,TOR,W (+8),1,18:49,3,6,0.5,1,3,0.333,1,2,0.5,1,1,2,0,0,0,0,3,8,4.4,11
34,34,2016-12-31,19-182,PHO,@,UTA,L (-5),1,21:53,2,7,0.286,0,1,0.0,0,0,,1,1,2,0,0,0,1,1,4,-0.5,-10
35,35,2017-01-02,19-184,PHO,@,LAC,L (-11),1,12:07,1,5,0.2,0,2,0.0,0,0,,1,0,1,0,1,2,1,2,2,0.2,-5
36,36,2017-01-03,19-185,PHO,,MIA,W (+9),1,30:33,7,11,0.636,2,5,0.4,2,2,1.0,1,5,6,2,2,0,1,4,18,16.1,6
37,37,2017-01-05,19-187,PHO,@,DAL,W (+7),1,18:18,0,2,0.0,0,0,,2,2,1.0,1,7,8,1,0,0,3,2,2,0.3,2
38,38,2017-01-08,19-190,PHO,,CLE,L (-4),1,33:03,4,11,0.364,1,2,0.5,3,4,0.75,1,2,3,4,1,3,1,3,12,10.5,5
39,39,2017-01-12,19-194,PHO,,DAL,L (-5),1,23:27,4,6,0.667,3,4,0.75,2,2,1.0,0,3,3,0,0,0,1,3,13,9.1,-16
40,40,2017-01-14,19-196,PHO,,SAS,W (+3),1,15:05,2,6,0.333,1,4,0.25,0,0,,2,3,5,1,2,0,1,4,5,4.0,1
41,41,2017-01-16,19-198,PHO,,UTA,L (-5),1,22:06,2,9,0.222,0,3,0.0,1,1,1.0,1,2,3,0,0,0,0,5,5,-1.2,-12
42,42,2017-01-19,19-201,PHO,@,CLE,L (-15),1,22:21,3,7,0.429,0,0,,0,0,,2,2,4,1,1,0,0,3,6,4.8,0
43,43,2017-01-21,19-203,PHO,@,NYK,W (+2),1,21:45,6,10,0.6,2,5,0.4,1,3,0.333,3,2,5,0,3,1,1,2,15,14.2,-5
44,44,2017-01-22,19-204,PHO,@,TOR,W (+12),1,17:03,2,7,0.286,0,4,0.0,0,0,,0,1,1,0,2,1,2,4,4,-0.7,-10
45,45,2017-01-24,19-206,PHO,,MIN,L (-1),1,11:48,2,5,0.4,1,2,0.5,0,0,,0,2,2,0,0,1,0,4,5,2.0,-13
46,46,2017-01-26,19-208,PHO,@,DEN,L (-7),1,7:39,2,3,0.667,1,2,0.5,0,0,,0,0,0,0,2,0,1,4,5,3.1,2
47,47,2017-01-28,19-210,PHO,,DEN,L (-11),1,16:57,2,4,0.5,0,1,0.0,0,2,0.0,0,3,3,0,2,1,0,5,4,2.8,-2
48,48,2017-01-30,19-212,PHO,,MEM,L (-19),1,34:15,8,12,0.667,2,4,0.5,2,4,0.5,3,3,6,0,2,1,3,3,20,15.5,-4
49,49,2017-02-01,19-214,PHO,,LAC,L (-10),1,27:44,3,15,0.2,1,6,0.167,2,2,1.0,3,2,5,1,4,0,0,2,9,6.3,-5
50,50,2017-02-03,19-216,PHO,@,SAC,W (+2),1,15:51,1,6,0.167,0,3,0.0,0,0,,0,2,2,0,0,1,1,4,2,-3.1,1
51,51,2017-02-04,19-217,PHO,,MIL,L (-25),1,24:08,9,15,0.6,3,5,0.6,6,9,0.667,3,3,6,0,0,2,0,4,27,21.7,-22
52,52,2017-02-06,19-219,PHO,@,NOP,L (-5),1,17:19,3,7,0.429,0,2,0.0,0,1,0.0,0,3,3,2,1,1,0,2,6,5.1,-1
53,53,2017-02-08,19-221,PHO,@,MEM,L (-19),1,22:51,1,5,0.2,1,3,0.333,1,2,0.5,1,2,3,1,1,1,1,3,4,2.0,-14
54,54,2017-02-10,19-223,PHO,,CHI,W (+18),1,21:52,2,3,0.667,1,1,1.0,0,0,,0,2,2,3,0,1,0,5,5,5.1,1
55,55,2017-02-11,19-224,PHO,@,HOU,L (-31),1,32:08,3,11,0.273,0,4,0.0,1,1,1.0,2,4,6,3,0,0,1,3,7,3.0,-32
56,56,2017-02-13,19-226,PHO,,NOP,L (-2),1,16:12,3,9,0.333,0,3,0.0,1,2,0.5,2,1,3,0,2,0,1,4,7,2.6,-5
57,57,2017-02-15,19-228,PHO,,LAL,W (+36),1,25:00,4,11,0.364,0,2,0.0,7,9,0.778,2,6,8,0,2,2,0,2,15,13.9,32
58,58,2017-02-24,19-237,PHO,@,CHI,L (-7),1,33:15,7,10,0.7,2,3,0.667,1,3,0.333,1,6,7,2,2,2,3,2,17,15.5,-12
59,59,2017-02-26,19-239,PHO,@,MIL,L (-4),1,16:16,4,8,0.5,0,1,0.0,0,3,0.0,1,0,1,1,1,0,1,4,8,2.6,-4
60,60,2017-02-28,19-241,PHO,@,MEM,L (-18),1,33:22,4,8,0.5,1,3,0.333,2,3,0.667,2,4,6,1,0,1,1,4,11,8.0,-8
61,61,2017-03-02,19-243,PHO,,CHO,W (+17),1,21:46,6,9,0.667,3,4,0.75,2,2,1.0,0,1,1,1,0,0,1,3,17,11.9,6
62,62,2017-03-03,19-244,PHO,,OKC,W (+7),1,26:07,3,8,0.375,1,4,0.25,0,0,,0,2,2,1,2,1,0,2,7,5.8,-4
63,63,2017-03-05,19-246,PHO,,BOS,W (+3),1,25:21,5,9,0.556,0,3,0.0,0,0,,1,5,6,0,1,5,1,2,10,10.6,0
64,64,2017-03-07,19-248,PHO,,WAS,L (-4),1,26:17,3,5,0.6,2,2,1.0,1,2,0.5,2,3,5,0,1,1,1,6,9,6.9,4
65,65,2017-03-09,19-250,PHO,,LAL,L (-12),1,26:53,6,9,0.667,3,4,0.75,3,4,0.75,3,3,6,1,1,1,1,5,18,16.1,-7
66,66,2017-03-11,19-252,PHO,@,DAL,W (+2),1,23:34,2,4,0.5,1,2,0.5,0,0,,0,8,8,1,0,3,1,5,5,5.2,2
67,67,2017-03-12,19-253,PHO,,POR,L (-9),1,23:31,3,9,0.333,1,4,0.25,1,2,0.5,0,5,5,0,0,1,1,4,8,2.1,-10
68,68,2017-03-15,19-256,PHO,,SAC,L (-6),1,32:25,6,14,0.429,2,8,0.25,3,7,0.429,2,5,7,2,2,5,3,5,17,12.8,-4
69,69,2017-03-17,19-258,PHO,,ORL,L (-6),1,25:35,6,9,0.667,1,2,0.5,0,0,,0,9,9,0,0,4,2,4,13,11.0,9
70,70,2017-03-19,19-260,PHO,@,DET,L (-17),1,26:14,5,13,0.385,1,3,0.333,5,6,0.833,1,6,7,0,1,0,1,4,16,9.4,-8
71,71,2017-03-21,19-262,PHO,@,MIA,L (-15),1,38:17,7,9,0.778,2,2,1.0,8,10,0.8,1,6,7,0,2,0,6,5,24,16.2,-11
72,72,2017-03-23,19-264,PHO,@,BRK,L (-28),1,31:03,8,15,0.533,3,7,0.429,4,6,0.667,4,7,11,0,2,1,1,4,23,19.9,-5
73,73,2017-03-24,19-265,PHO,@,BOS,L (-10),1,21:08,1,10,0.1,0,3,0.0,1,2,0.5,0,6,6,1,1,0,2,5,3,-4.5,-24
74,74,2017-03-26,19-267,PHO,@,CHO,L (-14),1,30:26,5,11,0.455,1,5,0.2,2,4,0.5,1,2,3,1,1,0,2,2,13,6.7,-25
75,75,2017-03-28,19-269,PHO,@,ATL,L (-4),1,18:55,2,11,0.182,1,5,0.2,2,4,0.5,2,1,3,1,0,1,2,5,7,-1.6,-12
76,76,2017-03-30,19-271,PHO,,LAC,L (-6),1,34:12,9,13,0.692,2,5,0.4,0,0,,1,5,6,2,1,0,4,5,20,13.1,-10
77,77,2017-04-01,19-273,PHO,@,POR,L (-13),1,34:28,7,10,0.7,1,2,0.5,4,4,1.0,2,11,13,1,1,2,4,1,19,18.2,1
78,78,2017-04-02,19-274,PHO,,HOU,L (-7),1,27:44,4,10,0.4,0,4,0.0,1,4,0.25,3,3,6,1,0,4,3,3,9,4.7,-12
79,79,2017-04-05,19-277,PHO,,GSW,L (-9),1,25:28,4,10,0.4,0,3,0.0,0,0,,2,9,11,4,1,1,2,3,8,8.0,-12
80,80,2017-04-07,19-279,PHO,,OKC,W (+21),1,13:34,1,2,0.5,0,0,,2,2,1.0,1,0,1,0,2,1,0,1,4,6.0,4
81,81,2017-04-09,19-281,PHO,,DAL,W (+13),1,17:04,3,4,0.75,1,1,1.0,2,2,1.0,0,4,4,3,0,0,0,1,9,10.3,5
82,82,2017-04-11,19-283,PHO,@,SAC,L (-25),1,40:03,8,19,0.421,2,6,0.333,4,8,0.5,1,6,7,0,1,2,4,4,22,9.6,-18
1,1,2017-10-18,20-108,PHO,,POR,L (-48),0,12:05,1,5,0.2,0,1,0.0,0,0,,1,0,1,0,0,1,2,5,2,-3.7,-17
2,2,2017-10-20,20-110,PHO,,LAL,L (-2),0,17:55,1,3,0.333,1,1,1.0,2,2,1.0,0,6,6,1,0,3,1,2,5,6.1,-5
3,3,2017-10-21,20-111,PHO,@,LAC,L (-42),0,15:32,2,5,0.4,2,3,0.667,1,2,0.5,0,1,1,0,2,0,1,4,7,3.6,-5
4,4,2017-10-23,20-113,PHO,,SAC,W (+2),1,29:22,8,13,0.615,2,4,0.5,1,1,1.0,1,4,5,1,0,3,2,6,19,13.4,14
5,5,2017-10-25,20-115,PHO,,UTA,W (+9),1,23:12,2,6,0.333,0,2,0.0,0,0,,0,5,5,2,0,1,1,1,4,2.8,-2
6,6,2017-10-28,20-118,PHO,@,POR,L (-7),1,19:57,3,6,0.5,1,3,0.333,0,1,0.0,0,1,1,2,2,1,2,1,7,5.6,-9
7,7,2017-10-31,20-121,PHO,@,BRK,W (+8),1,21:24,0,2,0.0,0,2,0.0,5,6,0.833,0,5,5,2,1,1,2,4,5,4.2,-12
8,8,2017-11-01,20-122,PHO,@,WAS,W (+6),1,24:30,3,7,0.429,1,3,0.333,2,2,1.0,1,9,10,4,2,1,1,1,9,12.8,3
9,9,2017-11-03,20-124,PHO,@,NYK,L (-13),1,16:30,2,7,0.286,1,2,0.5,0,0,,3,6,9,0,0,0,0,6,5,2.4,14
10,10,2017-11-05,20-126,PHO,@,SAS,L (-17),1,19:07,1,3,0.333,0,1,0.0,1,2,0.5,0,3,3,2,0,0,1,3,3,1.0,-3
11,11,2017-11-06,20-127,PHO,,BRK,L (-6),1,15:12,1,4,0.25,0,1,0.0,2,2,1.0,0,4,4,2,0,0,1,2,4,2.4,5
12,12,2017-11-08,20-129,PHO,,MIA,L (-11),1,25:26,3,9,0.333,3,6,0.5,0,0,,0,9,9,1,1,1,1,6,9,5.6,-8
13,13,2017-11-10,20-131,PHO,,ORL,L (-16),1,21:05,4,8,0.5,1,3,0.333,0,0,,1,3,4,0,0,1,3,6,9,1.9,-11
14,14,2017-11-11,20-132,PHO,,MIN,W (+8),1,26:07,4,7,0.571,3,4,0.75,2,4,0.5,1,6,7,2,0,5,0,4,13,14.7,15
15,15,2017-11-13,20-134,PHO,,LAL,L (-7),1,27:23,2,7,0.286,0,2,0.0,0,0,,2,5,7,2,0,2,1,1,4,4.2,-5
16,16,2017-11-16,20-137,PHO,,HOU,L (-26),1,16:14,2,7,0.286,0,3,0.0,1,3,0.333,0,1,1,0,1,3,1,4,5,0.9,0
17,17,2017-11-17,20-138,PHO,@,LAL,W (+9),1,17:43,1,4,0.25,0,1,0.0,0,0,,0,3,3,0,1,1,1,2,2,0.4,6
18,18,2017-11-19,20-140,PHO,,CHI,W (+8),1,20:39,3,4,0.75,0,1,0.0,2,2,1.0,0,6,6,3,1,0,1,3,8,9.1,4
19,19,2017-11-22,20-143,PHO,,MIL,L (-6),1,12:28,1,2,0.5,0,1,0.0,0,0,,0,2,2,0,0,0,2,1,2,-0.8,-4
20,20,2017-11-24,20-145,PHO,,NOP,L (-24),0,13:43,1,7,0.143,0,2,0.0,0,0,,2,2,4,0,0,1,0,2,2,-0.6,-4
21,21,2017-11-26,20-147,PHO,@,MIN,L (-11),0,16:15,3,6,0.5,1,2,0.5,0,0,,4,3,7,1,1,0,1,2,7,7.6,-7
22,22,2017-11-28,20-149,PHO,@,CHI,W (+5),0,25:09,2,5,0.4,0,1,0.0,0,0,,2,4,6,0,0,1,2,1,4,2.2,12
23,23,2017-11-29,20-150,PHO,@,DET,L (-24),1,22:51,2,6,0.333,1,4,0.25,5,6,0.833,1,3,4,1,1,1,0,5,10,8.2,4
24,24,2017-12-02,20-153,PHO,@,BOS,L (-5),1,21:31,1,2,0.5,0,1,0.0,0,0,,0,2,2,2,1,0,0,2,2,3.2,1
25,25,2017-12-04,20-155,PHO,@,PHI,W (+14),1,22:32,1,5,0.2,0,2,0.0,1,2,0.5,2,4,6,2,0,2,0,0,3,4.9,12
26,26,2017-12-05,20-156,PHO,@,TOR,L (-13),1,10:28,1,1,1.0,1,1,1.0,2,2,1.0,0,2,2,1,0,0,1,2,5,4.2,-9
27,27,2017-12-07,20-158,PHO,,WAS,L (-10),1,23:51,5,7,0.714,1,2,0.5,0,0,,0,2,2,1,2,1,1,3,11,9.9,8
28,28,2017-12-09,20-160,PHO,,SAS,L (-3),1,25:24,5,10,0.5,1,2,0.5,4,5,0.8,4,4,8,1,0,0,0,2,15,13.5,4
29,29,2017-12-12,20-163,PHO,@,SAC,L (-7),1,22:58,3,8,0.375,0,3,0.0,1,2,0.5,1,5,6,2,1,1,0,1,7,7.1,-2
30,30,2017-12-13,20-164,PHO,,TOR,L (-6),1,17:52,0,3,0.0,0,2,0.0,2,4,0.5,1,2,3,0,0,0,0,4,2,-1.2,-9
31,31,2017-12-16,20-167,PHO,@,MIN,W (+2),1,16:27,1,6,0.167,0,3,0.0,1,2,0.5,0,2,2,2,0,0,2,4,3,-2.8,-27
32,32,2017-12-18,20-169,PHO,@,DAL,W (+6),1,17:50,1,5,0.2,0,2,0.0,0,0,,1,3,4,0,0,0,1,4,2,-2.1,-17
33,33,2017-12-20,20-171,PHO,@,LAC,L (-13),1,25:42,5,9,0.556,2,6,0.333,1,2,0.5,1,7,8,1,0,0,1,4,13,9.2,-8
34,34,2017-12-21,20-172,PHO,,MEM,W (+2),1,16:03,1,3,0.333,0,1,0.0,0,0,,1,2,3,0,0,0,0,3,2,0.4,-15
35,35,2017-12-23,20-174,PHO,,MIN,L (-9),1,25:04,4,8,0.5,1,4,0.25,3,6,0.5,0,2,2,2,0,3,2,1,12,8.5,-1
36,36,2017-12-26,20-177,PHO,,MEM,W (+2),1,29:19,2,3,0.667,0,0,,2,4,0.5,1,12,13,0,2,1,5,4,6,4.3,11
37,37,2017-12-29,20-180,PHO,@,SAC,W (+10),1,28:15,5,6,0.833,3,3,1.0,1,4,0.25,3,5,8,4,1,1,1,2,14,16.9,7
38,38,2017-12-31,20-182,PHO,,PHI,L (-13),1,20:03,4,6,0.667,2,3,0.667,2,3,0.667,1,6,7,2,1,2,4,6,12,8.9,1
39,39,2018-01-02,20-184,PHO,,ATL,W (+1),1,33:52,6,12,0.5,3,7,0.429,2,4,0.5,2,9,11,3,0,2,2,4,17,14.2,5
40,40,2018-01-03,20-185,PHO,@,DEN,L (-23),1,30:41,6,13,0.462,3,9,0.333,1,4,0.25,1,3,4,1,5,0,3,3,16,11.2,-20
41,41,2018-01-05,20-187,PHO,@,SAS,L (-14),1,32:16,6,17,0.353,0,5,0.0,0,0,,1,6,7,1,2,1,4,3,12,3.2,-5
42,42,2018-01-07,20-189,PHO,,OKC,W (+14),1,10:22,0,3,0.0,0,3,0.0,2,2,1.0,0,0,0,2,1,1,0,0,2,3.0,-10
49,43,2018-01-26,20-208,PHO,,NYK,L (-22),1,19:57,1,12,0.083,1,6,0.167,0,2,0.0,2,2,4,1,1,1,0,3,3,-2.6,-25
50,44,2018-01-28,20-210,PHO,@,HOU,L (-11),1,16:16,1,3,0.333,0,1,0.0,0,0,,0,5,5,0,2,1,1,4,2,1.9,-3
52,45,2018-01-31,20-213,PHO,,DAL,W (+14),1,27:54,5,7,0.714,1,2,0.5,4,5,0.8,0,12,12,2,1,1,4,3,15,13.2,11
53,46,2018-02-02,20-215,PHO,,UTA,L (-32),1,13:52,1,5,0.2,0,2,0.0,1,2,0.5,0,3,3,0,1,0,3,1,3,-2.0,-20
55,47,2018-02-06,20-219,PHO,@,LAL,L (-19),0,19:29,4,9,0.444,2,4,0.5,0,2,0.0,0,6,6,3,0,2,0,2,10,9.0,-16
56,48,2018-02-07,20-220,PHO,,SAS,L (-48),1,29:03,1,7,0.143,0,4,0.0,5,7,0.714,1,9,10,1,1,0,3,5,7,1.8,-46
57,49,2018-02-10,20-223,PHO,,DEN,L (-10),0,16:40,2,3,0.667,1,2,0.5,0,2,0.0,0,3,3,1,0,1,5,5,5,-1.8,-1
58,50,2018-02-12,20-225,PHO,@,GSW,L (-46),0,17:32,0,2,0.0,0,1,0.0,1,2,0.5,1,4,5,2,1,1,1,3,1,2.0,-24
59,51,2018-02-14,20-227,PHO,@,UTA,L (-10),0,18:55,2,4,0.5,1,1,1.0,0,0,,1,2,3,0,0,0,0,2,5,3.5,0
60,52,2018-02-23,20-236,PHO,,LAC,L (-11),0,12:48,0,5,0.0,0,2,0.0,0,2,0.0,2,1,3,1,0,0,1,2,0,-3.7,-4
61,53,2018-02-24,20-237,PHO,,POR,L (-2),0,18:13,2,6,0.333,1,3,0.333,0,0,,2,5,7,3,2,0,0,1,5,8.2,2
62,54,2018-02-26,20-239,PHO,@,NOP,L (-9),0,18:12,3,5,0.6,1,2,0.5,0,1,0.0,1,4,5,0,0,3,3,6,7,2.9,-3
63,55,2018-02-28,20-241,PHO,@,MEM,W (+8),0,6:38,0,3,0.0,0,2,0.0,0,0,,1,1,2,0,0,0,2,5,0,-5.1,-8
64,56,2018-03-02,20-243,PHO,,OKC,L (-8),0,13:14,2,4,0.5,1,2,0.5,0,0,,1,3,4,0,1,1,0,2,5,5.5,3
65,57,2018-03-04,20-245,PHO,@,ATL,L (-1),0,18:11,5,8,0.625,4,5,0.8,3,6,0.5,0,5,5,1,1,4,1,0,17,17.2,10
66,58,2018-03-05,20-246,PHO,@,MIA,L (-22),0,27:08,5,9,0.556,2,4,0.5,0,1,0.0,1,5,6,1,0,1,1,2,12,9.1,-5
67,59,2018-03-08,20-249,PHO,@,OKC,L (-28),0,23:45,2,6,0.333,0,2,0.0,1,2,0.5,0,4,4,0,1,0,0,2,5,2.6,-5
68,60,2018-03-10,20-251,PHO,@,CHO,L (-7),0,19:46,3,8,0.375,1,3,0.333,0,0,,2,4,6,0,0,0,0,2,7,4.4,-13
69,61,2018-03-13,20-254,PHO,,CLE,L (-22),0,17:19,1,4,0.25,0,0,,3,4,0.75,3,2,5,0,0,0,3,2,5,1.1,4
70,62,2018-03-15,20-256,PHO,@,UTA,L (-28),0,14:10,2,5,0.4,0,1,0.0,0,0,,1,3,4,0,0,1,1,1,4,2.2,2
71,63,2018-03-17,20-258,PHO,,GSW,L (-15),0,17:51,4,8,0.5,0,2,0.0,2,4,0.5,2,6,8,1,1,0,3,3,10,5.9,4
72,64,2018-03-20,20-261,PHO,,DET,L (-27),0,17:50,3,10,0.3,1,4,0.25,3,4,0.75,1,3,4,1,0,2,3,3,10,3.3,-21
73,65,2018-03-23,20-264,PHO,@,CLE,L (-25),1,35:19,7,11,0.636,1,3,0.333,4,6,0.667,2,8,10,3,1,2,1,1,19,20.2,-17
74,66,2018-03-24,20-265,PHO,@,ORL,L (-6),1,24:25,3,8,0.375,1,3,0.333,3,4,0.75,1,4,5,1,1,0,2,3,10,5.6,-8
75,67,2018-03-26,20-267,PHO,,BOS,L (-8),1,24:24,6,8,0.75,1,3,0.333,0,2,0.0,1,3,4,2,0,1,0,0,13,12.7,3
76,68,2018-03-28,20-269,PHO,,LAC,L (-12),1,30:25,4,11,0.364,0,4,0.0,4,4,1.0,4,9,13,1,4,1,4,4,12,11.2,-9
77,69,2018-03-30,20-271,PHO,@,HOU,L (-1),1,33:07,6,11,0.545,0,3,0.0,0,0,,2,9,11,2,1,3,3,4,12,10.7,5
78,70,2018-04-01,20-273,PHO,@,GSW,L (-10),1,30:30,9,15,0.6,1,2,0.5,3,5,0.6,2,7,9,1,1,1,4,4,22,14.6,-9
79,71,2018-04-03,20-275,PHO,,SAC,W (+3),1,27:18,2,7,0.286,0,1,0.0,2,2,1.0,0,13,13,0,0,1,2,2,6,3.7,-4
80,72,2018-04-06,20-278,PHO,,NOP,L (-19),1,26:27,7,13,0.538,1,4,0.25,8,10,0.8,3,5,8,2,1,0,2,4,23,18.3,-13
6,1,2018-10-30,21-120,HOU,,POR,L (-19),0,8:08,2,5,0.4,0,2,0.0,0,0,,0,2,2,0,0,1,1,1,4,1.2,-2
7,2,2018-11-02,21-123,HOU,@,BRK,W (+8),0,2:58,0,2,0.0,0,1,0.0,0,0,,0,0,0,0,0,0,0,0,0,-1.4,-8
10,3,2018-11-08,21-129,HOU,@,OKC,L (-18),0,5:54,1,3,0.333,0,1,0.0,0,0,,1,1,2,1,0,0,0,0,2,2.0,4
14,4,2018-11-15,21-136,HOU,,GSW,W (+21),0,3:43,0,0,,0,0,,0,0,,0,0,0,0,0,0,0,2,0,-0.8,-5
15,5,2018-11-17,21-138,HOU,,SAC,W (+20),0,3:21,1,2,0.5,0,1,0.0,0,0,,0,0,0,0,0,1,1,1,2,0.3,-3
19,6,2018-11-26,21-147,HOU,@,WAS,L (-4),0,5:12,1,3,0.333,0,1,0.0,0,0,,1,0,1,0,0,0,1,3,2,-1.2,-5
20,7,2018-11-28,21-149,HOU,,DAL,L (-20),0,7:04,1,1,1.0,0,0,,0,1,0.0,1,1,2,1,0,0,0,1,2,2.6,2
21,8,2018-11-30,21-151,HOU,@,SAS,W (+31),0,13:55,2,5,0.4,1,3,0.333,0,0,,0,3,3,1,0,0,2,1,5,1.5,-2
22,9,2018-12-01,21-152,HOU,,CHI,W (+16),0,2:56,0,0,,0,0,,2,2,1.0,0,0,0,0,1,0,0,0,2,3.0,-4
30,10,2018-12-19,21-170,HOU,,WAS,W (+18),0,4:15,0,1,0.0,0,1,0.0,0,0,,0,1,1,0,0,0,0,0,0,-0.4,-2
41,11,2019-01-11,21-193,HOU,,CLE,W (+28),0,12:00,2,6,0.333,0,2,0.0,0,0,,3,3,6,2,1,1,2,4,4,3.1,-4
42,12,2019-01-13,21-195,HOU,@,ORL,L (-7),0,10:40,0,0,,0,0,,2,2,1.0,0,4,4,0,0,0,2,1,2,0.8,6
43,13,2019-01-14,21-196,HOU,,MEM,W (+18),0,7:05,0,1,0.0,0,1,0.0,0,0,,0,2,2,0,0,0,1,1,0,-1.5,-5
44,14,2019-01-16,21-198,HOU,,BRK,L (-3),0,6:25,0,1,0.0,0,1,0.0,0,0,,0,1,1,0,0,0,1,1,0,-1.8,4
46,15,2019-01-21,21-203,HOU,@,PHI,L (-28),0,7:39,1,3,0.333,0,1,0.0,2,2,1.0,1,2,3,1,0,1,1,1,4,3.6,-2
52,16,2019-02-02,21-215,HOU,@,UTA,W (+27),0,2:23,0,1,0.0,0,0,,0,0,,0,1,1,0,0,0,0,0,0,-0.4,4
55,17,2019-02-08,21-221,CLE,@,WAS,L (-13),0,22:43,5,10,0.5,3,5,0.6,0,0,,1,7,8,0,0,0,3,2,13,7.0,-11
56,18,2019-02-09,21-222,CLE,@,IND,L (-15),1,24:07,3,7,0.429,1,2,0.5,0,0,,1,2,3,2,1,0,0,2,7,6.2,-19
57,19,2019-02-11,21-224,CLE,,NYK,W (+3),0,22:26,5,8,0.625,2,3,0.667,2,2,1.0,1,6,7,1,1,0,1,3,14,12.4,4
58,20,2019-02-13,21-226,CLE,,BRK,L (-9),0,27:43,9,16,0.563,3,6,0.5,2,3,0.667,4,3,7,1,2,0,1,6,23,18.0,-1
59,21,2019-02-21,21-234,CLE,,PHO,W (+13),0,15:25,2,5,0.4,1,4,0.25,1,2,0.5,1,0,1,0,1,0,0,3,6,3.4,-4
60,22,2019-02-23,21-236,CLE,,MEM,W (+5),0,11:20,2,8,0.25,1,5,0.2,1,2,0.5,2,4,6,1,0,1,1,5,6,1.8,-5
61,23,2019-02-25,21-238,CLE,,POR,L (-13),0,14:32,1,3,0.333,1,2,0.5,3,4,0.75,1,2,3,0,0,1,0,5,6,3.9,4
62,24,2019-02-28,21-241,CLE,@,NYK,W (+7),0,12:58,0,5,0.0,0,3,0.0,0,0,,1,6,7,1,1,0,0,1,0,0.3,-14
63,25,2019-03-02,21-243,CLE,,DET,L (-36),1,20:41,2,8,0.25,2,5,0.4,3,4,0.75,1,3,4,1,1,0,5,3,9,0.9,-25
64,26,2019-03-03,21-244,CLE,,ORL,W (+14),0,15:58,1,4,0.25,0,2,0.0,1,2,0.5,1,4,5,1,0,1,1,1,3,2.1,15
65,27,2019-03-06,21-247,CLE,@,BRK,L (-6),0,11:11,0,2,0.0,0,2,0.0,1,2,0.5,0,3,3,2,1,0,4,5,1,-3.5,-5
66,28,2019-03-08,21-249,CLE,@,MIA,L (-16),0,18:20,4,7,0.571,0,1,0.0,0,0,,2,3,5,0,1,0,0,4,8,6.4,-14
67,29,2019-03-11,21-252,CLE,,TOR,W (+25),0,13:56,0,3,0.0,0,1,0.0,0,0,,0,3,3,0,0,1,0,1,0,-0.9,-2
69,30,2019-03-14,21-255,CLE,@,ORL,L (-29),0,18:01,2,5,0.4,0,3,0.0,0,0,,2,4,6,0,0,1,2,2,4,1.8,-8
70,31,2019-03-16,21-257,CLE,@,DAL,L (-5),0,17:06,1,5,0.2,0,1,0.0,2,2,1.0,1,1,2,2,0,0,0,1,4,2.9,-17
71,32,2019-03-18,21-259,CLE,,DET,W (+7),0,19:31,4,8,0.5,0,2,0.0,2,2,1.0,4,6,10,2,0,2,0,3,10,12.2,-12
72,33,2019-03-20,21-261,CLE,,MIL,W (+5),0,6:24,0,1,0.0,0,1,0.0,1,2,0.5,0,0,0,0,0,0,1,0,1,-1.1,-2
73,34,2019-03-22,21-263,CLE,,LAC,L (-2),0,5:45,1,2,0.5,0,0,,0,0,,0,1,1,0,0,0,0,0,2,1.3,-5
74,35,2019-03-24,21-265,CLE,@,MIL,L (-22),0,3:37,0,1,0.0,0,0,,0,0,,1,0,1,1,1,0,0,0,0,1.7,-5
75,36,2019-03-26,21-267,CLE,,BOS,L (-10),0,12:00,3,5,0.6,1,1,1.0,0,2,0.0,0,2,2,0,0,0,1,3,7,2.3,0
76,37,2019-03-28,21-269,CLE,@,SAS,L (-6),0,11:23,0,3,0.0,0,1,0.0,2,2,1.0,0,3,3,0,1,0,0,2,2,1.0,5
77,38,2019-03-30,21-271,CLE,@,LAC,L (-24),0,11:46,1,4,0.25,0,2,0.0,1,1,1.0,2,2,4,0,0,0,1,3,3,0.4,7
78,39,2019-04-01,21-273,CLE,@,PHO,L (-9),0,9:30,3,5,0.6,0,0,,0,0,,3,4,7,0,0,0,1,4,6,4.4,-2
79,40,2019-04-04,21-276,CLE,@,SAC,L (-13),0,16:27,3,6,0.5,0,1,0.0,0,0,,1,6,7,0,1,0,2,0,6,4.5,-4
80,41,2019-04-05,21-277,CLE,@,GSW,L (-6),0,5:46,0,2,0.0,0,1,0.0,2,2,1.0,0,1,1,0,1,0,0,0,2,1.9,2
81,42,2019-04-07,21-279,CLE,,SAS,L (-22),0,10:58,0,2,0.0,0,0,,2,4,0.5,0,1,1,0,1,0,0,5,2,-0.9,-16
82,43,2019-04-09,21-281,CLE,,CHO,L (-27),0,15:35,4,11,0.364,0,3,0.0,0,0,,3,4,7,1,1,0,0,0,8,6.9,-14
1,1,2019-10-24,22-114,GSW,,LAC,L (-19),0,14:29,1,2,0.5,0,0,,6,6,1.0,2,2,4,1,1,0,1,4,8,8.1,0
2,2,2019-10-27,22-117,GSW,@,OKC,L (-28),1,23:10,3,7,0.429,0,1,0.0,4,6,0.667,2,2,4,3,4,0,3,3,10,9.4,-28
3,3,2019-10-28,22-118,GSW,@,NOP,W (+11),0,8:34,2,3,0.667,0,0,,0,0,,0,2,2,0,0,0,0,3,4,2.1,-1
5,4,2019-11-01,22-122,GSW,,SAS,L (-17),0,19:20,2,4,0.5,0,0,,0,0,,3,6,9,2,0,1,3,1,4,4.6,-2
6,5,2019-11-02,22-123,GSW,,CHO,L (-6),0,7:31,0,2,0.0,0,0,,0,0,,0,1,1,2,0,1,3,1,0,-2.4,-9
7,6,2019-11-04,22-125,GSW,,POR,W (+9),0,14:05,2,3,0.667,1,2,0.5,0,0,,1,3,4,3,0,1,0,2,5,7.3,5
8,7,2019-11-06,22-127,GSW,@,HOU,L (-17),0,12:42,1,4,0.25,0,0,,2,2,1.0,2,5,7,1,1,0,0,1,4,5.8,4
9,8,2019-11-08,22-129,GSW,@,MIN,L (-6),0,12:58,4,6,0.667,0,0,,0,0,,1,2,3,2,1,0,2,3,8,5.9,-3
10,9,2019-11-09,22-130,GSW,@,OKC,L (-6),0,24:28,4,7,0.571,0,1,0.0,2,2,1.0,1,3,4,1,0,2,2,1,10,8.0,5
11,10,2019-11-11,22-132,GSW,,UTA,L (-14),0,16:31,4,7,0.571,1,2,0.5,2,2,1.0,1,5,6,2,0,0,0,0,11,11.3,-7
12,11,2019-11-13,22-134,GSW,@,LAL,L (-26),0,16:34,0,5,0.0,0,1,0.0,0,0,,1,5,6,2,0,2,3,3,0,-2.7,-4
13,12,2019-11-15,22-136,GSW,,BOS,L (-5),0,12:55,2,3,0.667,0,1,0.0,0,0,,0,2,2,0,0,0,1,0,4,2.3,-12
14,13,2019-11-17,22-138,GSW,@,NOP,L (-8),0,18:22,3,6,0.5,0,0,,4,4,1.0,3,4,7,2,1,1,3,3,10,9.2,1
15,14,2019-11-19,22-140,GSW,@,MEM,W (+19),0,21:12,7,11,0.636,0,2,0.0,3,4,0.75,2,4,6,2,0,4,2,3,17,15.3,15
16,15,2019-11-20,22-141,GSW,@,DAL,L (-48),0,26:56,3,11,0.273,0,2,0.0,5,8,0.625,3,2,5,2,2,2,0,3,11,9.6,-17
17,16,2019-11-22,22-143,GSW,@,UTA,L (-4),0,22:01,5,8,0.625,0,0,,0,0,,2,2,4,4,1,1,0,1,10,12.5,-10
18,17,2019-11-25,22-146,GSW,,OKC,L (-3),0,23:22,2,5,0.4,0,1,0.0,2,2,1.0,1,4,5,7,1,2,0,2,6,11.7,6
19,18,2019-11-27,22-148,GSW,,CHI,W (+14),0,20:19,5,5,1.0,1,1,1.0,0,0,,1,4,5,1,4,2,3,4,11,12.9,6
20,19,2019-11-29,22-150,GSW,@,MIA,L (-17),0,23:59,1,3,0.333,0,1,0.0,8,8,1.0,1,4,5,6,0,0,1,3,10,12.2,-5
21,20,2019-12-01,22-152,GSW,@,ORL,L (-4),0,22:44,0,2,0.0,0,1,0.0,3,4,0.75,0,6,6,1,0,2,0,2,3,4.3,8
22,21,2019-12-02,22-153,GSW,@,ATL,L (-25),0,19:49,4,11,0.364,0,1,0.0,0,0,,3,2,5,1,1,0,6,2,8,-0.5,-9
23,22,2019-12-04,22-155,GSW,@,CHO,L (-15),0,14:48,0,2,0.0,0,0,,2,2,1.0,0,4,4,0,0,0,1,0,2,0.8,-8
24,23,2019-12-06,22-157,GSW,@,CHI,W (+2),0,15:13,4,6,0.667,1,1,1.0,0,0,,1,2,3,1,0,1,1,1,9,7.7,1
25,24,2019-12-09,22-160,GSW,,MEM,L (-8),0,12:38,2,6,0.333,0,1,0.0,0,0,,2,3,5,0,0,0,0,2,4,2.1,5
26,25,2019-12-11,22-162,GSW,,NYK,L (-2),0,24:02,4,8,0.5,0,1,0.0,4,6,0.667,6,4,10,2,1,3,1,2,12,15.3,-3
27,26,2019-12-13,22-164,GSW,@,UTA,L (-8),0,23:05,4,7,0.571,0,0,,4,7,0.571,3,10,13,5,1,2,1,3,12,16.3,5
28,27,2019-12-15,22-166,GSW,,SAC,L (-21),0,10:35,1,3,0.333,0,0,,0,0,,1,4,5,0,0,0,1,1,2,0.8,-17
29,28,2019-12-18,22-169,GSW,@,POR,L (-10),0,16:54,2,2,1.0,0,0,,6,9,0.667,5,5,10,1,0,1,1,1,10,13.2,-1
30,29,2019-12-20,22-171,GSW,,NOP,W (+4),0,12:31,2,3,0.667,0,0,,4,4,1.0,0,5,5,0,0,0,2,2,8,5.4,-5
31,30,2019-12-23,22-174,GSW,,MIN,W (+9),0,11:52,3,7,0.429,0,0,,0,0,,5,6,11,0,0,0,4,1,6,3.2,-13
32,31,2019-12-25,22-176,GSW,,HOU,W (+12),0,12:27,3,6,0.5,0,1,0.0,0,0,,1,1,2,0,0,0,2,4,6,0.4,-10
33,32,2019-12-27,22-178,GSW,,PHO,W (+9),0,13:27,1,1,1.0,0,0,,0,0,,1,0,1,1,0,0,1,1,2,1.7,-11
34,33,2019-12-28,22-179,GSW,,DAL,L (-20),0,16:40,5,9,0.556,0,0,,6,8,0.75,2,3,5,2,0,2,0,0,16,16.0,2
35,34,2019-12-31,22-182,GSW,@,SAS,L (-4),1,33:57,3,6,0.5,0,0,,1,2,0.5,5,6,11,5,1,1,3,3,7,9.9,-1
36,35,2020-01-02,22-184,GSW,@,MIN,L (-15),1,22:20,3,6,0.5,0,0,,0,2,0.0,2,5,7,5,0,1,0,3,6,8.1,-8
37,36,2020-01-04,22-186,GSW,,DET,L (-7),0,17:36,3,6,0.5,0,0,,2,4,0.5,3,1,4,2,2,0,0,1,8,9.6,4
38,37,2020-01-06,22-188,GSW,@,SAC,L (-13),0,14:41,2,7,0.286,1,1,1.0,3,4,0.75,2,3,5,1,0,1,1,2,8,5.4,-9
39,38,2020-01-16,22-198,GSW,,DEN,L (-3),0,11:26,2,4,0.5,0,0,,0,0,,1,1,2,1,1,1,2,3,4,2.2,3
40,39,2020-01-18,22-200,GSW,,ORL,W (+14),0,15:01,2,3,0.667,0,0,,0,0,,2,5,7,0,0,1,1,1,4,4.9,-9
41,40,2020-01-20,22-202,GSW,@,POR,L (-5),0,20:49,7,9,0.778,0,0,,0,0,,2,4,6,1,1,0,1,1,14,13.4,2
42,41,2020-01-22,22-204,GSW,,UTA,L (-33),0,17:37,5,9,0.556,0,1,0.0,1,2,0.5,4,4,8,1,0,0,0,1,11,10.6,-16
43,42,2020-01-24,22-206,GSW,,IND,L (-11),1,21:29,5,5,1.0,1,1,1.0,2,2,1.0,1,2,3,1,2,2,2,2,13,14.1,-3
44,43,2020-01-28,22-210,GSW,@,PHI,L (-11),1,31:07,6,10,0.6,0,2,0.0,3,4,0.75,1,4,5,2,0,0,0,2,15,12.5,8
45,44,2020-01-30,22-212,GSW,@,BOS,L (-15),1,23:00,4,6,0.667,0,0,,1,2,0.5,1,2,3,1,2,1,0,1,9,10.3,-1
46,45,2020-02-01,22-214,GSW,@,CLE,W (+19),1,24:55,5,11,0.455,0,0,,0,0,,3,4,7,3,1,4,1,1,10,12.1,13
47,46,2020-02-03,22-216,GSW,@,WAS,W (+8),1,25:40,5,5,1.0,0,0,,3,4,0.75,2,3,5,1,0,2,1,3,13,13.3,-8
48,47,2020-02-05,22-218,GSW,@,BRK,L (-41),1,28:25,3,10,0.3,1,4,0.25,1,1,1.0,1,6,7,0,0,3,1,2,8,5.0,-42
49,48,2020-02-08,22-221,GSW,,LAL,L (-5),1,27:19,12,15,0.8,1,2,0.5,1,1,1.0,2,7,9,1,1,2,0,3,26,25.7,-7
50,49,2020-02-10,22-223,GSW,,MIA,L (-12),1,26:43,5,10,0.5,0,2,0.0,7,9,0.778,3,6,9,0,2,1,1,3,17,15.6,1
51,50,2020-02-12,22-225,GSW,@,PHO,L (-6),1,31:06,7,11,0.636,0,1,0.0,4,6,0.667,2,10,12,3,0,3,3,3,18,16.7,2
52,51,2020-02-20,22-233,GSW,,HOU,L (-30),1,17:52,4,8,0.5,0,0,,2,2,1.0,1,4,5,2,0,1,1,1,10,8.6,-12
54,52,2020-02-25,22-238,GSW,,SAC,L (-18),1,25:21,8,10,0.8,0,1,0.0,5,6,0.833,1,9,10,3,0,0,1,4,21,19.7,-12
55,53,2020-02-27,22-240,GSW,,LAL,L (-30),1,23:04,2,5,0.4,0,0,,0,0,,2,5,7,4,0,1,1,4,4,5.1,-13
56,54,2020-02-29,22-242,GSW,@,PHO,W (+16),1,25:41,3,6,0.5,0,0,,5,8,0.625,2,7,9,3,3,1,2,4,11,12.5,15
57,55,2020-03-01,22-243,GSW,,WAS,L (-14),1,30:13,6,8,0.75,0,0,,0,0,,2,11,13,2,0,2,5,3,12,10.1,-18
58,56,2020-03-03,22-245,GSW,@,DEN,W (+16),1,24:52,7,12,0.583,0,1,0.0,2,2,1.0,1,4,5,1,2,1,1,3,16,13.5,12
59,57,2020-03-05,22-247,GSW,,TOR,L (-8),1,29:56,6,14,0.429,0,1,0.0,5,6,0.833,5,7,12,4,1,2,1,2,17,18.2,5
60,58,2020-03-07,22-249,GSW,,PHI,W (+4),1,32:41,6,9,0.667,0,1,0.0,1,1,1.0,3,7,10,8,1,1,0,2,13,19.8,12
61,59,2020-03-10,22-252,GSW,,LAC,L (-24),1,27:09,3,5,0.6,0,0,,4,4,1.0,3,7,10,2,0,0,1,1,10,11.9,-32
1,1,2020-12-22,23-173,GSW,@,BRK,L (-26),0,12:26,4,10,0.4,1,3,0.333,0,0,,3,5,8,1,0,0,0,2,9,7.1,-6
2,2,2020-12-25,23-176,GSW,@,MIL,L (-39),0,14:17,1,4,0.25,0,2,0.0,2,4,0.5,0,5,5,1,0,2,2,1,4,2.0,-19
1,1,2021-12-21,24-172,DAL,,MIN,W (+12),0,16:24,3,5,0.6,0,2,0.0,0,0,,1,7,8,0,0,1,0,3,6,6.0,10
2,2,2021-12-23,24-174,DAL,,MIL,L (-7),0,12:57,6,11,0.545,0,2,0.0,1,2,0.5,3,2,5,0,2,0,3,6,13,6.6,-7
3,3,2021-12-25,24-176,DAL,@,UTA,L (-4),0,10:37,1,3,0.333,0,0,,2,2,1.0,1,4,5,0,0,1,2,5,4,0.9,-6
4,4,2021-12-27,24-178,DAL,@,POR,W (+15),0,9:20,1,1,1.0,0,0,,0,0,,0,1,1,0,0,0,1,2,2,0.2,-5
6,5,2021-12-31,24-182,DAL,@,SAC,W (+16),0,18:29,4,5,0.8,0,0,,0,0,,0,7,7,0,0,1,1,2,8,7.1,9
7,6,2022-01-02,24-184,DAL,@,OKC,W (+9),0,14:01,6,9,0.667,3,3,1.0,0,0,,1,6,7,0,0,0,0,3,15,12.4,14
8,7,2022-01-03,24-185,DAL,,DEN,W (+14),0,15:54,1,2,0.5,0,1,0.0,0,0,,0,0,0,0,0,1,0,2,2,0.9,-3
9,8,2022-01-05,24-187,DAL,,GSW,W (+17),0,4:06,1,3,0.333,1,1,1.0,0,0,,1,1,2,1,0,0,0,2,3,2.2,-1
10,9,2022-01-07,24-189,DAL,@,HOU,W (+24),0,9:06,2,4,0.5,0,0,,2,4,0.5,1,2,3,1,0,0,2,2,6,2.4,7
11,10,2022-01-09,24-191,DAL,,CHI,W (+14),0,7:49,1,2,0.5,0,1,0.0,0,0,,1,2,3,0,0,0,0,3,2,1.1,-11
12,11,2022-01-12,24-194,DAL,@,NYK,L (-23),0,6:53,2,2,1.0,1,1,1.0,1,2,0.5,0,0,0,1,0,0,1,1,6,4.3,2
13,12,2022-01-14,24-196,DAL,@,MEM,W (+27),0,15:36,6,7,0.857,1,2,0.5,2,4,0.5,1,5,6,1,0,0,1,2,15,12.8,9
14,13,2022-01-15,24-197,DAL,,ORL,W (+16),0,6:07,0,2,0.0,0,1,0.0,2,2,1.0,0,1,1,0,0,0,0,0,2,0.9,-3
18,14,2022-01-23,24-205,DAL,,MEM,W (+13),0,1:17,0,0,,0,0,,0,0,,0,0,0,0,0,0,0,0,0,0.0,-2
19,15,2022-01-25,24-207,DAL,@,GSW,L (-38),0,8:21,0,4,0.0,0,1,0.0,0,0,,0,2,2,0,1,1,0,0,0,-0.5,-14
20,16,2022-01-26,24-208,DAL,@,POR,W (+20),0,7:06,2,2,1.0,1,1,1.0,0,0,,1,2,3,2,0,0,0,0,5,7.1,2
21,17,2022-01-29,24-211,DAL,,IND,W (+27),0,16:21,2,8,0.25,0,0,,0,1,0.0,3,5,8,3,1,2,1,4,4,4.3,11
22,18,2022-01-30,24-212,DAL,@,ORL,L (-2),0,18:56,6,12,0.5,0,2,0.0,2,2,1.0,1,3,4,1,4,2,0,2,14,14.9,5
23,19,2022-02-02,24-215,DAL,,OKC,L (-6),0,14:24,3,5,0.6,0,0,,0,0,,1,1,2,1,0,1,2,1,6,3.7,-7
24,20,2022-02-04,24-217,DAL,,PHI,W (+9),0,10:53,0,3,0.0,0,1,0.0,0,0,,2,1,3,1,0,0,0,5,0,-1.7,-1
25,21,2022-02-06,24-219,DAL,,ATL,W (+9),0,11:37,1,2,0.5,0,0,,0,0,,1,4,5,0,0,0,1,2,2,1.1,6
26,22,2022-02-08,24-221,DAL,,DET,W (+30),0,15:11,0,6,0.0,0,1,0.0,0,0,,1,2,3,0,3,0,2,2,0,-2.7,1
27,23,2022-02-10,24-223,DAL,,LAC,W (+7),0,4:53,0,3,0.0,0,1,0.0,0,0,,2,0,2,0,0,0,0,0,0,-0.7,-5
41,24,2022-03-18,24-259,DAL,@,PHI,L (-10),0,7:36,1,2,0.5,0,0,,0,0,,1,0,1,0,0,0,0,2,2,0.9,1
42,25,2022-03-19,24-260,DAL,@,CHO,L (-21),0,16:40,4,9,0.444,0,1,0.0,2,4,0.5,3,6,9,1,0,2,0,2,10,9.7,0
44,26,2022-03-23,24-264,DAL,,HOU,W (+19),0,3:18,0,0,,0,0,,0,0,,0,1,1,0,1,0,0,1,0,0.9,-2
45,27,2022-03-25,24-266,DAL,@,MIN,L (-21),0,6:00,1,1,1.0,0,0,,0,0,,0,0,0,0,0,0,0,0,2,1.7,3
46,28,2022-03-27,24-268,DAL,,UTA,W (+14),0,3:32,0,0,,0,0,,0,0,,0,0,0,0,0,0,0,1,0,-0.4,-5
47,29,2022-03-29,24-270,DAL,,LAL,W (+18),0,4:03,0,0,,0,0,,1,2,0.5,0,4,4,1,0,0,0,0,1,2.5,-1
48,30,2022-03-30,24-271,DAL,@,CLE,W (+8),0,3:11,1,3,0.333,0,0,,0,0,,2,0,2,1,0,0,0,2,2,1.6,1
49,31,2022-04-01,24-273,DAL,@,WAS,L (-32),0,9:46,1,5,0.2,0,2,0.0,0,0,,1,1,2,2,0,0,0,1,2,0.9,3
50,32,2022-04-03,24-275,DAL,@,MIL,W (+6),0,3:47,1,1,1.0,0,0,,0,0,,0,0,0,0,0,0,0,1,2,1.3,-9
51,33,2022-04-06,24-278,DAL,@,DET,W (+18),0,10:20,3,5,0.6,1,1,1.0,5,6,0.833,1,0,1,0,1,0,0,2,12,10.2,-9
53,34,2022-04-10,24-282,DAL,,SAS,W (+10),0,21:11,2,7,0.286,0,0,,2,2,1.0,3,0,3,0,0,0,0,3,6,2.8,-3
