,Rk,G,Date,Age,Tm,Unnamed: 5,Opp,Unnamed: 7,GS,MP,FG,FGA,FG%,3P,3PA,3P%,FT,FTA,FT%,ORB,DRB,TRB,AST,STL,BLK,TOV,PF,PTS,GmSc,+/-
0,1,1,1986-10-31,25-171,DET,,MIL,L (-16),0,14:00,0,6,0.0,0,0,,0,0,,2,0,2,0,0,0,1,2,0,-4.6,
1,2,2,1986-11-01,25-172,DET,@,IND,L (-3),0,14:00,3,6,0.5,0,0,,0,2,0.0,2,1,3,1,0,0,1,2,6,2.8,
2,3,3,1986-11-05,25-176,DET,,WSB,W (+24),0,10:00,3,5,0.6,0,0,,1,2,0.5,5,1,6,0,1,1,0,2,7,9.0,
3,4,4,1986-11-07,25-178,DET,,CHI,W (+6),0,4:00,0,2,0.0,0,0,,0,0,,1,0,1,0,0,0,0,0,0,-0.7,
4,5,5,1986-11-08,25-179,DET,@,MIL,L (-14),0,5:00,1,2,0.5,0,0,,1,2,0.5,0,0,0,0,0,1,1,1,3,0.9,
5,6,6,1986-11-12,25-183,DET,,PHO,W (+8),0,6:00,0,3,0.0,0,0,,0,0,,2,0,2,0,0,0,2,0,0,-2.7,
6,7,7,1986-11-14,25-185,DET,,ATL,L (-5),0,1:00,0,0,,0,0,,0,0,,0,0,0,0,0,0,0,0,0,0.0,
7,8,8,1986-11-19,25-190,DET,@,WSB,L (-14),0,7:00,1,2,0.5,0,0,,3,4,0.75,0,2,2,0,0,0,1,0,5,3.2,
8,9,9,1986-11-22,25-193,DET,,CLE,W (+9),0,19:00,5,7,0.714,0,0,,2,3,0.667,3,1,4,0,1,1,1,2,12,11.0,
9,10,10,1986-11-28,25-199,DET,,MIL,W (+21),0,17:00,1,6,0.167,0,0,,0,2,0.0,3,4,7,1,0,1,2,3,2,-1.1,
10,11,11,1986-12-03,25-204,DET,@,NJN,W (+1),0,5:00,1,2,0.5,0,0,,0,0,,2,0,2,1,1,0,2,1,2,1.7,
11,12,12,1986-12-04,25-205,DET,@,CLE,L (-8),0,7:00,1,2,0.5,0,0,,0,0,,2,1,3,0,1,0,1,3,2,1.5,
12,13,13,1986-12-06,25-207,DET,,DEN,W (+15),0,11:00,1,1,1.0,0,0,,0,0,,0,2,2,0,0,1,3,2,2,-0.8,
13,14,14,1986-12-10,25-211,DET,,SAC,W (+7),0,9:00,1,3,0.333,0,0,,0,0,,2,1,3,0,1,1,1,2,2,1.9,
14,15,15,1986-12-12,25-213,DET,,WSB,L (-1),0,18:00,8,11,0.727,0,0,,0,0,,2,1,3,1,1,1,1,1,16,14.2,
15,16,16,1986-12-13,25-214,DET,,LAL,W (+5),0,15:00,5,6,0.833,0,0,,0,0,,1,3,4,0,0,3,0,1,10,11.1,
16,17,17,1986-12-16,25-217,DET,@,ATL,W (+11),0,20:00,3,5,0.6,0,0,,0,1,0.0,0,2,2,1,1,1,2,4,6,2.7,
17,18,18,1986-12-17,25-218,DET,,UTA,W (+15),0,21:00,9,13,0.692,0,0,,0,1,0.0,2,2,4,1,3,1,4,1,18,14.1,
18,19,19,1986-12-19,25-220,DET,,SAS,W (+30),0,21:00,7,15,0.467,0,0,,0,0,,3,5,8,3,0,2,1,2,14,11.6,
19,20,20,1986-12-20,25-221,DET,@,PHI,W (+10),0,25:00,6,9,0.667,0,0,,2,6,0.333,6,5,11,0,2,0,2,5,14,12.2,
20,21,21,1986-12-23,25-224,DET,@,IND,L (-13),0,21:00,4,6,0.667,0,0,,0,0,,1,2,3,1,0,1,0,3,8,6.9,
21,22,22,1987-01-02,25-234,DET,,NJN,W (+1),0,11:00,5,9,0.556,0,0,,0,0,,1,2,3,1,1,2,0,1,10,9.7,
22,23,23,1987-01-03,25-235,DET,@,CHI,L (-5),0,12:00,3,5,0.6,0,0,,0,0,,0,0,0,1,1,0,1,1,6,4.0,
23,24,24,1987-01-07,25-239,DET,,NYK,W (+11),1,39:00,5,13,0.385,0,0,,0,0,,2,5,7,0,0,3,4,5,10,1.9,
24,25,25,1987-01-09,25-241,DET,,LAC,W (+8),0,16:00,4,5,0.8,0,0,,1,3,0.333,3,2,5,0,1,0,1,3,9,7.8,
25,26,26,1987-01-10,25-242,DET,,BOS,W (+17),0,21:00,6,6,1.0,0,0,,0,0,,5,2,7,0,2,1,1,1,12,15.6,
26,27,27,1987-01-13,25-245,DET,@,CLE,W (+2),0,16:00,1,3,0.333,0,0,,2,2,1.0,1,1,2,2,0,0,0,1,4,4.3,
27,28,28,1987-01-14,25-246,DET,,CLE,W (+17),0,9:00,0,1,0.0,0,0,,1,4,0.25,0,0,0,1,0,0,1,3,1,-2.4,
28,29,29,1987-01-16,25-248,DET,,HOU,L (-6),0,18:00,2,3,0.667,0,0,,0,0,,1,6,7,1,1,1,0,1,4,7.2,
29,30,30,1987-01-17,25-249,DET,@,NJN,W (+10),0,18:00,2,4,0.5,0,0,,0,0,,2,1,3,0,0,0,0,3,4,2.5,
30,31,31,1987-01-19,25-251,DET,,ATL,W (+10),0,11:00,1,2,0.5,0,0,,0,4,0.0,2,2,4,0,0,0,0,0,2,1.4,
31,32,32,1987-01-21,25-253,DET,@,UTA,L (-4),0,9:00,1,1,1.0,0,0,,2,2,1.0,1,1,2,0,0,0,2,3,4,1.5,
32,33,33,1987-01-23,25-255,DET,@,LAC,W (+3),0,24:00,5,13,0.385,0,0,,0,0,,4,7,11,0,2,0,3,3,10,5.6,
33,34,34,1987-01-24,25-256,DET,@,SAC,L (-25),0,17:00,5,9,0.556,0,0,,2,2,1.0,2,3,5,0,0,2,2,4,12,7.8,
34,35,35,1987-01-26,25-258,DET,@,PHO,L (-2),0,8:00,1,1,1.0,0,0,,0,0,,2,3,5,0,0,1,1,3,2,2.5,
35,36,36,1987-01-27,25-259,DET,@,SAS,L (-11),0,14:00,1,4,0.25,0,0,,0,0,,0,2,2,1,1,0,3,0,2,-1.1,
36,37,37,1987-01-29,25-261,DET,,WSB,W (+11),0,18:00,7,8,0.875,0,0,,2,3,0.667,2,4,6,3,0,0,1,4,16,14.9,
37,38,38,1987-01-31,25-263,DET,@,NYK,W (+1),0,7:00,0,0,,0,0,,0,0,,0,0,0,2,1,0,0,0,0,2.4,
38,39,39,1987-02-01,25-264,DET,,CHI,W (+2),0,13:00,0,3,0.0,0,1,0.0,0,0,,2,1,3,0,0,0,3,2,0,-4.2,
39,40,40,1987-02-05,25-268,DET,,IND,L (-5),0,17:00,2,10,0.2,0,0,,2,2,1.0,2,2,4,2,1,0,1,2,6,2.4,
40,41,41,1987-02-11,25-274,DET,@,PHI,W (+10),0,16:00,1,6,0.167,0,0,,0,0,,0,3,3,0,0,1,2,2,2,-3.0,
41,42,42,1987-02-12,25-275,DET,@,CLE,W (+4),0,13:00,0,5,0.0,0,0,,0,0,,1,3,4,0,1,1,1,3,0,-2.4,
42,43,43,1987-02-14,25-277,DET,,PHI,W (+18),0,12:00,4,8,0.5,0,0,,0,0,,5,1,6,0,0,2,1,0,8,8.2,
43,44,44,1987-02-17,25-280,DET,@,ATL,L (-4),0,24:00,4,5,0.8,0,0,,0,2,0.0,2,2,4,1,0,0,1,3,8,5.8,
44,45,45,1987-02-19,25-282,DET,,SEA,W (+12),0,5:00,0,2,0.0,0,0,,0,0,,0,0,0,1,0,0,0,1,0,-1.1,
45,46,46,1987-02-21,25-284,DET,,ATL,W (+5),0,11:00,2,2,1.0,0,0,,1,1,1.0,0,0,0,1,0,0,0,2,5,4.3,
46,47,47,1987-02-22,25-285,DET,,NYK,W (+12),0,14:00,3,8,0.375,0,0,,0,0,,5,1,6,0,0,3,2,2,6,4.7,
47,48,48,1987-02-24,25-287,DET,@,NJN,W (+8),0,12:00,2,2,1.0,0,0,,3,4,0.75,3,1,4,0,0,0,2,3,7,5.2,
48,49,49,1987-02-25,25-288,DET,,CLE,W (+1),0,10:00,0,2,0.0,0,0,,3,4,0.75,2,0,2,0,2,0,1,0,3,3.6,
49,50,50,1987-02-27,25-290,DET,,POR,L (-12),0,17:00,5,9,0.556,0,0,,3,6,0.5,4,0,4,0,0,1,1,4,13,8.4,
50,51,51,1987-03-01,25-292,DET,@,BOS,L (-10),0,13:00,4,5,0.8,0,0,,1,4,0.25,1,2,3,2,0,0,0,2,9,7.8,
51,52,52,1987-03-04,25-295,DET,,CHI,L (-5),0,6:00,0,0,,0,0,,0,0,,0,2,2,0,0,1,0,3,0,0.1,
52,53,53,1987-03-06,25-297,DET,,DAL,W (+10),0,8:00,1,3,0.333,0,0,,0,0,,0,2,2,0,0,0,1,0,2,-0.1,
53,54,54,1987-03-08,25-299,DET,,BOS,W (+3),0,3:00,0,0,,0,0,,0,0,,0,0,0,0,0,0,0,1,0,-0.4,
54,55,55,1987-03-10,25-301,DET,@,NYK,W (+23),0,17:00,3,4,0.75,0,0,,1,2,0.5,1,4,5,2,0,1,0,2,7,8.2,
55,56,56,1987-03-11,25-302,DET,@,IND,W (+9),0,21:00,1,2,0.5,0,0,,0,0,,3,6,9,0,1,1,2,5,2,2.6,
56,57,57,1987-03-13,25-304,DET,@,CHI,W (+1),0,15:00,2,4,0.5,0,0,,0,0,,0,4,4,0,0,0,0,2,4,2.4,
57,58,58,1987-03-14,25-305,DET,,PHI,W (+3),0,21:00,10,10,1.0,0,0,,1,4,0.25,2,3,5,0,1,0,2,2,21,17.3,
58,59,59,1987-03-16,25-307,DET,,IND,W (+20),0,21:00,2,5,0.4,0,0,,2,2,1.0,4,3,7,2,1,1,1,2,6,8.3,
59,60,60,1987-03-18,25-309,DET,,NJN,L (-1),0,17:00,2,7,0.286,0,0,,4,6,0.667,4,1,5,1,1,0,0,5,8,5.9,
60,61,61,1987-03-21,25-312,DET,@,DAL,L (-4),0,22:00,7,8,0.875,0,0,,2,4,0.5,4,6,10,2,1,1,2,4,16,16.5,
61,62,62,1987-03-23,25-314,DET,@,HOU,W (+4),0,14:00,1,3,0.333,0,0,,0,0,,4,0,4,1,1,1,0,2,2,4.7,
62,63,63,1987-03-25,25-316,DET,@,GSW,L (-12),0,4:00,0,1,0.0,0,0,,0,0,,0,0,0,0,0,0,1,1,0,-2.1,
63,64,64,1987-03-26,25-317,DET,@,LAL,L (-17),0,19:00,2,5,0.4,0,0,,0,0,,2,2,4,0,0,0,2,3,4,0.1,
64,65,65,1987-03-28,25-319,DET,@,DEN,W (+12),0,25:00,6,7,0.857,0,0,,3,4,0.75,5,6,11,5,0,1,2,5,15,17.6,
65,66,66,1987-03-29,25-320,DET,@,SEA,W (+1),0,22:00,6,7,0.857,0,0,,0,1,0.0,4,2,6,1,0,0,3,4,12,8.6,
66,67,67,1987-03-31,25-322,DET,@,POR,L (-2),0,16:00,1,2,0.5,0,0,,2,2,1.0,0,0,0,0,0,0,1,6,4,-0.4,
67,68,68,1987-04-02,25-324,DET,,IND,W (+46),0,24:00,5,7,0.714,0,0,,2,5,0.4,5,5,10,3,3,2,2,0,12,17.4,
68,69,69,1987-04-03,25-325,DET,@,BOS,L (-4),0,13:00,3,4,0.75,0,0,,0,0,,3,0,3,0,0,0,3,4,6,1.9,
69,70,70,1987-04-05,25-327,DET,,MIL,W (+18),0,25:00,5,9,0.556,0,0,,5,6,0.833,4,8,12,1,1,1,1,3,15,15.7,
70,71,71,1987-04-07,25-329,DET,@,CHI,L (-30),0,23:00,3,9,0.333,0,0,,3,4,0.75,4,2,6,2,0,0,2,1,9,5.9,
71,72,72,1987-04-10,25-332,DET,@,ATL,L (-2),0,8:00,0,0,,0,0,,0,0,,0,2,2,1,0,0,0,0,0,1.3,
72,73,73,1987-04-12,25-334,DET,@,WSB,L (-5),0,12:00,1,3,0.333,0,0,,2,2,1.0,3,2,5,0,0,0,0,1,4,4.6,
73,74,74,1987-04-13,25-335,DET,@,NYK,W (+20),0,17:00,5,6,0.833,0,0,,4,6,0.667,6,3,9,1,0,1,1,3,14,15.3,
74,75,75,1987-04-15,25-337,DET,,NYK,W (+4),0,24:00,6,9,0.667,0,0,,1,1,1.0,8,8,16,1,0,2,1,3,13,17.0,
75,76,76,1987-04-17,25-339,DET,,NJN,W (+13),0,20:00,1,2,0.5,0,0,,5,6,0.833,1,2,3,3,1,2,1,2,7,9.6,
76,77,77,1987-04-18,25-340,DET,@,MIL,L (-14),0,23:00,4,8,0.5,0,0,,5,5,1.0,2,6,8,1,1,0,4,3,13,8.7,
77,1,1,1987-11-06,26-177,DET,,NYK,W (+11),0,35:00,4,8,0.5,0,0,,6,7,0.857,1,9,10,3,3,0,3,2,14,14.3,
78,2,2,1987-11-07,26-178,DET,@,MIL,L (-14),0,20:00,7,11,0.636,0,1,0.0,2,4,0.5,1,7,8,0,0,1,5,6,16,6.4,
79,3,3,1987-11-10,26-181,DET,@,IND,L (-3),0,22:00,7,8,0.875,0,0,,5,5,1.0,3,2,5,0,1,1,0,4,19,19.0,
80,4,4,1987-11-13,26-184,DET,@,PHI,W (+19),0,15:00,1,5,0.2,0,0,,3,6,0.5,0,3,3,4,1,2,0,3,5,5.6,
81,5,5,1987-11-14,26-185,DET,@,CLE,W (+15),0,26:00,7,10,0.7,0,0,,2,4,0.5,2,8,10,1,1,1,3,3,16,13.0,
82,6,6,1987-11-18,26-189,DET,,PHI,L (-4),0,27:00,1,4,0.25,0,0,,1,2,0.5,2,5,7,1,0,1,2,4,3,0.9,
83,7,7,1987-11-20,26-191,DET,,GSW,W (+23),0,20:00,5,9,0.556,0,0,,2,2,1.0,1,1,2,1,1,0,0,1,12,10.0,
84,8,8,1987-11-21,26-192,DET,@,CHI,W (+12),0,37:00,10,13,0.769,0,0,,5,11,0.455,3,5,8,1,2,0,0,4,25,22.2,
85,9,9,1987-11-24,26-195,DET,@,HOU,W (+14),0,32:00,6,11,0.545,0,0,,2,2,1.0,4,6,10,1,2,0,1,3,14,13.8,
86,10,10,1987-11-25,26-196,DET,@,DAL,L (-6),0,21:00,5,11,0.455,0,0,,1,2,0.5,6,4,10,3,0,0,2,5,11,8.4,
87,11,11,1987-11-27,26-198,DET,,SAS,W (+32),0,26:00,7,9,0.778,0,0,,8,10,0.8,6,6,12,3,2,0,2,3,22,24.6,
88,12,12,1987-11-28,26-199,DET,@,WSB,L (-22),0,24:00,5,15,0.333,0,1,0.0,0,6,0.0,7,3,10,3,1,1,1,3,10,6.5,
89,13,13,1987-12-01,26-202,DET,@,NJN,W (+9),0,14:00,2,4,0.5,0,0,,0,1,0.0,1,1,2,0,1,0,0,1,4,3.2,
90,14,14,1987-12-02,26-203,DET,,MIL,W (+10),0,12:00,0,2,0.0,0,0,,0,0,,0,1,1,0,0,1,1,1,0,-1.8,
91,15,15,1987-12-04,26-205,DET,,BOS,W (+23),0,22:00,7,9,0.778,0,0,,0,3,0.0,5,2,7,1,4,0,2,6,14,13.7,
92,16,16,1987-12-08,26-209,DET,,POR,W (+10),0,19:00,4,7,0.571,0,0,,2,7,0.286,4,3,7,1,0,1,1,3,10,7.6,
93,17,17,1987-12-11,26-212,DET,,WSB,W (+6),0,18:00,0,1,0.0,0,0,,0,0,,1,2,3,1,0,1,2,2,0,-0.8,
94,18,18,1987-12-12,26-213,DET,,NYK,W (+28),0,27:00,5,11,0.455,0,0,,2,6,0.333,6,5,11,4,1,0,4,3,12,9.0,
95,19,19,1987-12-15,26-216,DET,,CHI,W (+4),0,21:00,4,5,0.8,0,0,,1,2,0.5,4,2,6,0,0,0,2,1,9,7.7,
96,20,20,1987-12-18,26-219,DET,,DAL,W (+5),0,19:00,2,3,0.667,0,0,,0,0,,3,2,5,0,1,0,2,1,4,4.0,
97,21,21,1987-12-25,26-226,DET,@,NYK,W (+4),1,28:00,2,8,0.25,0,0,,0,6,0.0,5,3,8,1,2,0,3,4,4,-0.7,
98,22,22,1987-12-26,26-227,DET,,NJN,W (+35),0,28:00,8,15,0.533,0,0,,2,4,0.5,10,8,18,2,1,0,3,4,18,17.1,
99,23,23,1987-12-29,26-230,DET,,HOU,L (-10),0,25:00,4,8,0.5,0,0,,0,0,,5,8,13,2,3,0,1,2,8,12.5,
100,24,24,1987-12-30,26-231,DET,@,IND,W (+10),0,30:00,4,7,0.571,0,0,,0,0,,9,8,17,1,1,0,5,5,8,8.1,
101,25,25,1988-01-02,26-234,DET,,DEN,L (-9),0,21:00,4,6,0.667,0,0,,0,3,0.0,1,4,5,0,1,0,1,5,8,4.1,
102,26,26,1988-01-05,26-237,DET,@,ATL,L (-10),0,20:00,1,3,0.333,0,0,,0,0,,2,7,9,0,1,0,0,3,2,3.6,
103,27,27,1988-01-06,26-238,DET,,ATL,W (+3),0,31:00,5,7,0.714,0,0,,0,0,,8,8,16,1,0,0,2,2,10,13.0,
104,28,28,1988-01-08,26-240,DET,,LAL,L (-2),0,19:00,2,2,1.0,0,0,,0,0,,1,3,4,0,0,1,1,5,4,2.7,
105,29,29,1988-01-13,26-245,DET,@,BOS,L (-38),0,17:00,4,5,0.8,0,0,,1,4,0.25,2,2,4,1,0,1,1,2,9,7.5,
106,30,30,1988-01-15,26-247,DET,,CLE,W (+4),0,18:00,0,2,0.0,0,0,,2,2,1.0,3,5,8,1,2,1,0,2,2,6.8,
107,31,31,1988-01-16,26-248,DET,@,CHI,L (-16),0,25:00,5,7,0.714,0,0,,0,0,,4,9,13,1,1,1,4,3,10,9.8,
108,32,32,1988-01-18,26-250,DET,@,DEN,W (+7),0,23:00,4,8,0.5,0,0,,0,3,0.0,3,2,5,0,0,0,3,4,8,0.9,
109,33,33,1988-01-20,26-252,DET,@,UTA,W (+3),0,17:00,2,5,0.4,0,0,,3,5,0.6,0,6,6,1,2,0,0,6,7,5.6,
110,34,34,1988-01-22,26-254,DET,@,SEA,L (-3),0,26:00,5,11,0.455,0,0,,2,2,1.0,2,2,4,3,1,0,0,2,12,10.6,
111,35,35,1988-01-24,26-256,DET,@,POR,L (-8),1,42:00,13,17,0.765,0,0,,4,4,1.0,5,13,18,1,0,2,2,5,30,28.8,
112,36,36,1988-01-27,26-259,DET,,IND,W (+17),0,23:00,4,9,0.444,0,0,,0,1,0.0,2,7,9,0,0,2,0,1,8,7.4,
113,37,37,1988-01-29,26-261,DET,,BOS,W (+17),0,23:00,5,6,0.833,0,0,,0,1,0.0,2,3,5,4,0,0,1,4,10,9.9,
114,38,38,1988-01-30,26-262,DET,@,NJN,L (-12),0,14:00,1,3,0.333,0,0,,1,2,0.5,0,1,1,0,0,1,1,2,3,0.1,
115,39,39,1988-02-01,26-264,DET,@,CLE,L (-11),0,14:00,1,4,0.25,0,0,,2,4,0.5,2,4,6,0,0,0,2,1,4,1.0,
116,40,40,1988-02-02,26-265,DET,@,MIL,W (+2),0,17:00,4,7,0.571,0,0,,0,0,,2,2,4,2,1,0,2,2,8,6.3,
117,41,41,1988-02-04,26-267,DET,@,NYK,L (-7),0,21:00,7,12,0.583,0,0,,2,4,0.5,7,4,11,1,2,0,0,5,16,16.4,
118,42,42,1988-02-09,26-272,DET,@,CHI,W (+15),1,39:00,7,14,0.5,0,0,,1,2,0.5,5,5,10,3,1,2,2,4,15,13.5,
119,43,43,1988-02-10,26-273,DET,,NYK,W (+11),1,35:00,6,10,0.6,0,0,,4,7,0.571,3,4,7,1,0,0,4,5,16,8.2,
120,44,44,1988-02-12,26-275,DET,,ATL,W (+16),1,35:00,5,12,0.417,0,1,0.0,3,5,0.6,2,5,7,0,2,1,4,4,13,5.8,
121,45,45,1988-02-13,26-276,DET,,CHI,W (+9),1,38:00,6,13,0.462,0,0,,3,4,0.75,8,11,19,3,2,0,7,2,15,13.1,
122,46,46,1988-02-15,26-278,DET,,PHI,W (+7),1,33:00,9,16,0.563,0,0,,1,3,0.333,8,4,12,2,0,1,2,3,19,16.3,
123,47,47,1988-02-18,26-281,DET,,SEA,W (+13),1,34:00,4,6,0.667,0,0,,3,4,0.75,5,5,10,2,2,0,0,2,11,15.6,
124,48,48,1988-02-19,26-282,DET,@,MIL,L (-11),1,30:00,9,14,0.643,1,1,1.0,3,4,0.75,8,3,11,2,1,0,3,4,22,19.7,
125,49,49,1988-02-21,26-284,DET,@,LAL,L (-7),1,41:00,4,5,0.8,0,0,,3,6,0.5,3,7,10,2,0,2,4,5,11,8.9,
126,50,50,1988-02-23,26-286,DET,@,SAC,W (+16),1,39:00,10,13,0.769,0,0,,0,0,,4,9,13,2,0,0,4,4,20,16.2,
127,51,51,1988-02-24,26-287,DET,@,GSW,W (+14),1,37:00,5,10,0.5,0,0,,5,10,0.5,3,4,7,1,2,0,3,2,15,10.2,
128,52,52,1988-02-26,26-289,DET,,NJN,W (+28),1,29:00,8,16,0.5,0,0,,3,4,0.75,8,5,13,2,2,0,2,4,19,17.5,
129,53,53,1988-02-28,26-291,DET,,BOS,W (+5),1,28:00,7,10,0.7,0,0,,3,4,0.75,4,4,8,1,0,0,2,4,17,13.5,
130,54,54,1988-03-01,26-293,DET,@,ATL,W (+13),1,20:00,6,13,0.462,0,0,,4,5,0.8,5,4,9,0,2,0,4,4,16,10.0,
131,55,55,1988-03-02,26-294,DET,,LAC,W (+13),1,28:00,9,12,0.75,0,0,,2,5,0.4,4,8,12,1,1,1,2,1,20,19.2,
132,56,56,1988-03-05,26-297,DET,@,WSB,L (-4),1,26:00,6,10,0.6,0,0,,2,6,0.333,4,2,6,1,1,1,2,5,14,9.6,
133,57,57,1988-03-06,26-298,DET,,MIL,W (+10),1,35:00,7,13,0.538,0,0,,6,8,0.75,5,6,11,0,0,1,2,5,20,14.9,
134,58,58,1988-03-08,26-300,DET,@,IND,L (-13),1,28:00,9,13,0.692,0,0,,3,7,0.429,5,4,9,1,0,1,2,4,21,16.4,
135,59,59,1988-03-09,26-301,DET,,UTA,W (+5),1,28:00,6,12,0.5,0,0,,0,0,,6,7,13,1,2,1,2,3,12,12.5,
136,60,60,1988-03-11,26-303,DET,,PHO,W (+28),1,26:00,8,11,0.727,2,3,0.667,3,4,0.75,4,11,15,0,0,4,0,4,21,23.4,
137,61,61,1988-03-12,26-304,DET,,CLE,W (+4),1,33:00,7,14,0.5,0,0,,0,2,0.0,4,4,8,1,3,1,5,4,14,8.0,
138,62,62,1988-03-14,26-306,DET,,SAC,W (+12),1,26:00,6,11,0.545,0,0,,1,4,0.25,4,5,9,2,1,0,4,1,13,8.8,
139,63,63,1988-03-17,26-309,DET,@,CLE,W (+3),1,39:00,5,9,0.556,0,0,,3,4,0.75,7,7,14,0,1,2,4,5,13,11.7,
140,64,64,1988-03-20,26-312,DET,,WSB,W (+8),1,32:00,4,8,0.5,0,0,,3,5,0.6,4,3,7,5,0,1,1,2,11,12.3,
141,65,65,1988-03-22,26-314,DET,,IND,W (+19),1,31:00,8,11,0.727,1,2,0.5,0,0,,5,3,8,0,2,0,3,5,17,13.9,
142,66,66,1988-03-25,26-317,DET,@,SAS,L (-1),1,35:00,7,8,0.875,0,0,,7,10,0.7,4,9,13,0,4,0,4,4,21,20.9,
143,67,67,1988-03-26,26-318,DET,@,PHO,W (+5),1,37:00,5,10,0.5,1,1,1.0,3,7,0.429,5,11,16,4,1,0,0,5,14,16.0,
144,68,68,1988-03-28,26-320,DET,@,LAC,L (-2),1,30:00,2,9,0.222,0,1,0.0,2,4,0.5,8,8,16,1,0,1,2,4,6,5.5,
145,69,69,1988-03-30,26-322,DET,,ATL,L (-1),1,26:00,1,3,0.333,0,0,,0,0,,3,4,7,3,0,0,1,4,2,3.1,
146,70,70,1988-04-01,26-324,DET,@,BOS,L (-11),1,24:00,4,9,0.444,0,1,0.0,1,2,0.5,4,4,8,1,1,0,1,6,9,6.2,
147,71,71,1988-04-03,26-326,DET,,CHI,L (-2),0,23:00,2,8,0.25,0,1,0.0,4,4,1.0,7,2,9,2,0,1,0,4,8,9.2,
148,72,72,1988-04-05,26-328,DET,@,NJN,W (+12),0,33:00,4,10,0.4,0,0,,4,7,0.571,3,7,10,2,0,0,2,3,12,7.8,
149,73,73,1988-04-08,26-331,DET,@,PHI,W (+10),0,20:00,3,5,0.6,0,0,,0,0,,2,1,3,1,0,0,0,3,6,4.9,
150,74,74,1988-04-09,26-332,DET,@,ATL,W (+13),0,22:00,4,5,0.8,0,0,,1,2,0.5,4,1,5,2,2,2,1,1,9,13.2,
151,75,75,1988-04-11,26-334,DET,@,NYK,L (-3),0,25:00,4,11,0.364,0,1,0.0,0,0,,4,4,8,0,1,0,2,3,8,3.7,
152,76,76,1988-04-13,26-336,DET,,CLE,W (+17),0,16:00,4,6,0.667,0,0,,0,0,,0,4,4,0,0,1,1,4,8,4.7,
153,77,77,1988-04-15,26-338,DET,,MIL,W (+1),0,27:00,8,9,0.889,0,0,,2,2,1.0,5,2,7,2,0,1,1,2,18,19.3,
154,78,78,1988-04-16,26-339,DET,,NJN,W (+18),0,20:00,3,5,0.6,0,1,0.0,2,4,0.5,2,3,5,2,0,0,1,2,8,6.8,
155,79,79,1988-04-19,26-342,DET,@,BOS,L (-11),0,30:00,4,8,0.5,0,1,0.0,3,7,0.429,5,6,11,3,1,0,1,2,11,12.0,
156,80,80,1988-04-21,26-344,DET,@,WSB,W (+12),0,24:00,1,4,0.25,0,0,,2,2,1.0,2,5,7,0,0,0,4,4,4,-1.1,
157,81,81,1988-04-22,26-345,DET,,IND,L (-5),0,24:00,4,10,0.4,0,0,,0,2,0.0,2,5,7,1,0,1,0,6,8,3.7,
158,82,82,1988-04-24,26-347,DET,,PHI,W (+10),1,22:00,3,5,0.6,0,1,0.0,1,3,0.333,5,5,10,3,1,0,2,2,7,9.2,
159,1,1,1988-11-04,27-175,DET,@,CHI,W (+13),0,20:00,3,6,0.5,0,0,,0,0,,1,2,3,2,0,0,3,1,6,2.3,
160,2,2,1988-11-05,27-176,DET,,CHH,W (+9),0,24:00,4,5,0.8,0,0,,0,0,,4,6,10,0,0,2,2,3,8,8.9,
161,3,3,1988-11-08,27-179,DET,@,PHI,W (+7),0,20:00,3,4,0.75,0,0,,0,0,,2,3,5,0,0,1,0,5,6,5.4,
162,4,4,1988-11-09,27-180,DET,,ATL,W (+6),0,31:00,4,5,0.8,0,0,,2,4,0.5,2,6,8,0,0,3,2,2,10,9.8,
163,5,5,1988-11-11,27-182,DET,@,BOS,W (+9),0,18:00,4,4,1.0,0,0,,1,1,1.0,1,4,5,0,0,0,2,6,9,5.3,
164,6,6,1988-11-15,27-186,DET,@,DAL,W (+9),0,33:00,4,4,1.0,0,0,,1,2,0.5,3,5,8,3,0,1,2,5,9,9.8,
165,7,7,1988-11-16,27-187,DET,@,SAS,W (+6),1,36:00,5,7,0.714,0,0,,0,0,,1,5,6,1,1,1,3,4,10,7.1,
166,8,8,1988-11-18,27-189,DET,@,PHO,W (+16),1,38:00,6,10,0.6,0,0,,0,0,,6,6,12,3,2,1,1,4,12,15.6,
167,9,9,1988-11-19,27-190,DET,@,HOU,L (-11),1,45:00,3,10,0.3,0,2,0.0,1,4,0.25,5,7,12,0,1,1,3,2,7,3.5,
168,10,10,1988-11-22,27-193,DET,@,CHH,W (+6),0,29:00,6,9,0.667,0,0,,0,0,,6,3,9,3,1,1,1,1,12,15.6,
169,11,11,1988-11-23,27-194,DET,,NYK,L (-22),0,23:00,3,7,0.429,0,1,0.0,1,2,0.5,5,4,9,4,0,0,1,2,7,8.6,
170,12,12,1988-11-26,27-197,DET,,LAL,W (+3),0,29:00,6,10,0.6,0,0,,0,0,,5,4,9,0,1,0,1,3,12,10.9,
171,13,13,1988-11-29,27-200,DET,@,IND,L (-9),0,23:00,3,5,0.6,0,0,,2,3,0.667,2,3,5,0,2,0,1,2,8,7.8,
172,14,14,1988-11-30,27-201,DET,,IND,W (+3),0,19:00,3,4,0.75,0,0,,0,0,,4,4,8,3,0,0,1,4,6,7.9,
173,15,15,1988-12-02,27-203,DET,@,WSB,W (+6),0,16:00,2,4,0.5,0,0,,4,5,0.8,1,4,5,1,0,1,2,6,8,4.5,
174,16,16,1988-12-04,27-205,DET,@,NJN,W (+3),0,24:00,3,6,0.5,0,0,,1,2,0.5,5,5,10,2,2,1,4,4,7,7.1,
175,17,17,1988-12-06,27-207,DET,@,MIL,L (-25),0,15:00,0,1,0.0,0,0,,2,4,0.5,1,1,2,0,0,0,1,4,2,-1.1,
176,18,18,1988-12-07,27-208,DET,,CHI,W (+13),0,31:00,8,10,0.8,0,0,,0,2,0.0,3,6,9,0,0,1,2,2,16,13.2,
177,19,19,1988-12-09,27-210,DET,@,ATL,W (+10),0,20:00,3,4,0.75,0,0,,1,1,1.0,3,5,8,0,0,3,0,5,7,9.1,
178,20,20,1988-12-10,27-211,DET,,PHI,W (+6),0,19:00,1,4,0.25,0,0,,0,0,,2,2,4,0,0,1,3,2,2,-1.5,
179,21,21,1988-12-14,27-215,DET,,MIL,L (-9),0,14:00,5,6,0.833,1,1,1.0,1,1,1.0,3,2,5,0,0,1,2,5,12,9.2,
180,22,22,1988-12-15,27-216,DET,@,CLE,L (-21),0,30:00,5,12,0.417,0,1,0.0,4,4,1.0,6,4,10,0,0,1,1,5,14,10.7,
181,23,23,1988-12-17,27-218,DET,,CHH,W (+9),0,25:00,1,6,0.167,0,1,0.0,2,2,1.0,5,3,8,0,0,0,0,4,4,3.0,
182,24,24,1988-12-20,27-221,DET,,MIA,W (+16),0,21:00,3,5,0.6,0,0,,0,2,0.0,4,5,9,2,1,0,3,1,6,6.2,
183,25,25,1988-12-22,27-223,DET,@,NYK,L (-3),0,22:00,4,6,0.667,0,0,,0,0,,2,2,4,1,0,2,1,1,8,8.1,
184,26,26,1988-12-28,27-229,DET,,PHO,W (+6),0,22:00,2,6,0.333,0,0,,3,4,0.75,7,7,14,0,1,2,1,3,7,10.4,
185,27,27,1988-12-30,27-231,DET,,HOU,W (+12),0,16:00,2,3,0.667,0,0,,1,3,0.333,2,5,7,1,1,1,4,2,5,3.4,
186,28,28,1989-01-03,27-235,DET,@,ATL,L (-19),0,26:00,3,4,0.75,0,0,,0,0,,4,4,8,1,1,0,1,4,6,7.5,
187,29,29,1989-01-06,27-238,DET,,ATL,W (+23),0,26:00,4,5,0.8,0,0,,0,0,,2,2,4,2,1,0,1,4,8,7.9,
188,30,30,1989-01-07,27-239,DET,@,IND,L (-14),0,27:00,4,10,0.4,0,0,,0,0,,10,2,12,1,1,0,0,4,8,10.3,
189,31,31,1989-01-11,27-243,DET,,NYK,L (-7),0,29:00,4,5,0.8,0,0,,0,0,,5,5,10,1,2,0,0,4,8,12.2,
190,32,32,1989-01-13,27-245,DET,,WSB,W (+16),0,26:00,1,4,0.25,0,1,0.0,0,2,0.0,1,7,8,1,0,0,2,5,2,-1.7,
191,33,33,1989-01-15,27-247,DET,@,MIL,L (-8),0,27:00,7,9,0.778,0,0,,0,0,,5,3,8,5,2,1,2,5,14,17.1,
192,34,34,1989-01-16,27-248,DET,,BOS,W (+9),0,27:00,3,9,0.333,0,0,,1,2,0.5,4,5,9,1,3,2,2,3,7,7.7,
193,35,35,1989-01-18,27-250,DET,,NJN,W (+13),0,27:00,2,5,0.4,0,1,0.0,0,0,,6,10,16,3,1,5,1,2,4,13.3,
194,36,36,1989-01-20,27-252,DET,,IND,W (+33),0,25:00,3,8,0.375,0,1,0.0,1,2,0.5,6,5,11,1,1,1,1,3,7,8.1,
195,37,37,1989-01-22,27-254,DET,@,BOS,L (-13),0,27:00,6,10,0.6,1,2,0.5,0,0,,5,7,12,1,2,1,0,5,13,15.4,
196,38,38,1989-01-25,27-257,DET,,GSW,W (+1),0,33:00,5,11,0.455,0,0,,1,1,1.0,6,10,16,0,1,0,2,4,11,9.9,
197,39,39,1989-01-27,27-259,DET,,CLE,L (-1),0,32:00,4,7,0.571,0,0,,0,2,0.0,7,10,17,2,0,0,1,4,8,10.6,
198,40,40,1989-01-29,27-261,DET,,SAC,W (+25),0,32:00,9,11,0.818,1,1,1.0,5,8,0.625,9,7,16,1,1,2,5,3,24,24.0,
199,41,41,1989-01-31,27-263,DET,@,CHI,W (+6),0,36:00,6,10,0.6,0,0,,0,0,,4,10,14,4,0,3,0,4,12,16.5,
200,42,42,1989-02-03,27-266,DET,@,PHI,W (+18),0,26:00,2,3,0.667,0,0,,0,0,,2,4,6,0,0,0,0,5,4,3.3,
201,43,43,1989-02-05,27-268,DET,,CHI,W (+11),0,34:00,6,8,0.75,0,0,,4,4,1.0,5,8,13,1,1,1,0,1,16,20.7,
202,44,44,1989-02-08,27-271,DET,,MIL,W (+11),0,25:00,4,7,0.571,1,1,1.0,0,0,,4,8,12,3,1,1,0,5,9,12.7,
203,45,45,1989-02-14,27-277,DET,@,LAL,W (+8),0,25:00,4,6,0.667,0,0,,0,0,,7,8,15,2,2,1,2,4,8,13.2,
204,46,46,1989-02-16,27-279,DET,@,SAC,W (+11),1,34:00,5,6,0.833,0,0,,0,0,,3,12,15,1,0,3,5,3,10,10.1,
205,47,47,1989-02-18,27-281,DET,@,GSW,L (-2),1,45:00,12,15,0.8,0,1,0.0,8,10,0.8,8,13,21,2,2,3,5,3,32,34.3,
206,48,48,1989-02-20,27-283,DET,@,DEN,L (-2),1,37:00,6,8,0.75,0,0,,0,4,0.0,2,10,12,2,0,1,2,5,12,9.7,
207,49,49,1989-02-22,27-285,DET,,POR,W (+11),1,34:00,5,11,0.455,0,0,,2,2,1.0,8,7,15,0,2,1,0,5,12,14.7,
208,50,50,1989-02-25,27-288,DET,@,NJN,W (+18),1,28:00,3,4,0.75,0,0,,0,0,,4,3,7,1,0,0,4,4,6,3.2,
209,51,51,1989-02-26,27-289,DET,,LAC,W (+12),0,28:00,1,3,0.333,0,1,0.0,1,2,0.5,5,8,13,0,0,1,3,4,3,2.9,
210,52,52,1989-02-28,27-291,DET,@,CLE,L (-16),0,23:00,4,5,0.8,0,0,,1,2,0.5,6,5,11,3,0,2,0,5,9,13.9,
211,53,53,1989-03-01,27-292,DET,,UTA,W (+11),0,28:00,1,3,0.333,0,0,,0,2,0.0,3,2,5,1,3,1,4,3,2,1.4,
212,54,54,1989-03-03,27-294,DET,,CLE,W (+6),0,32:00,2,2,1.0,0,0,,3,4,0.75,1,6,7,1,1,0,0,5,7,8.2,
213,55,55,1989-03-05,27-296,DET,@,MIA,W (+9),0,28:00,3,6,0.5,0,0,,1,2,0.5,2,8,10,0,0,0,4,5,7,1.4,
214,56,56,1989-03-06,27-297,DET,,DEN,W (+17),0,32:00,7,10,0.7,1,1,1.0,2,2,1.0,3,9,12,0,0,0,2,5,17,13.6,
215,57,57,1989-03-08,27-299,DET,,SEA,W (+16),0,31:00,5,11,0.455,0,2,0.0,1,2,0.5,7,7,14,0,1,2,3,3,11,10.1,
216,58,58,1989-03-11,27-302,DET,@,PHI,W (+5),0,19:00,0,1,0.0,0,1,0.0,0,0,,1,7,8,0,0,1,1,5,0,-0.2,
217,59,59,1989-03-12,27-303,DET,,WSB,W (+6),0,32:00,6,8,0.75,0,1,0.0,4,5,0.8,5,5,10,0,1,2,1,3,16,17.6,
218,60,60,1989-03-14,27-305,DET,@,IND,W (+12),0,16:00,3,5,0.6,0,0,,0,0,,1,3,4,1,0,0,0,4,6,4.4,
219,61,61,1989-03-17,27-308,DET,,BOS,W (+8),0,25:00,2,4,0.5,1,1,1.0,1,2,0.5,3,7,10,0,0,0,2,2,6,5.0,
220,62,62,1989-03-18,27-309,DET,@,MIL,L (-17),0,29:00,6,11,0.545,0,0,,1,2,0.5,7,6,13,0,2,0,2,5,13,12.0,
221,63,63,1989-03-21,27-312,DET,@,ATL,W (+15),0,27:00,7,9,0.778,0,0,,0,0,,4,1,5,4,0,0,1,4,14,13.8,
222,64,64,1989-03-22,27-313,DET,,SAS,W (+21),0,13:00,1,3,0.333,0,1,0.0,3,5,0.6,2,5,7,0,2,1,1,2,5,6.3,
223,65,65,1989-03-24,27-315,DET,,NJN,W (+16),0,22:00,3,6,0.5,0,0,,0,0,,2,3,5,0,0,0,1,2,6,3.5,
224,66,66,1989-03-25,27-316,DET,@,CHH,W (+12),0,27:00,7,12,0.583,0,0,,2,2,1.0,5,5,10,5,0,0,1,4,16,16.3,
225,67,67,1989-03-27,27-318,DET,,DAL,W (+13),0,30:00,0,1,0.0,0,0,,0,0,,2,9,11,2,0,3,0,2,0,6.1,
226,68,68,1989-03-29,27-320,DET,@,UTA,W (+4),0,28:00,0,3,0.0,0,1,0.0,0,0,,4,4,8,1,1,1,1,4,0,1.7,
227,69,69,1989-03-31,27-322,DET,@,SEA,W (+3),0,28:00,1,2,0.5,0,0,,1,2,0.5,2,5,7,2,2,1,1,6,3,5.2,
228,70,70,1989-04-02,27-324,DET,@,LAC,W (+16),0,22:00,2,5,0.4,0,0,,1,1,1.0,7,3,10,0,0,1,2,2,5,6.0,
229,71,71,1989-04-04,27-326,DET,@,POR,L (-18),0,31:00,7,11,0.636,0,0,,2,2,1.0,8,14,22,3,0,0,1,5,16,20.0,
230,72,72,1989-04-06,27-328,DET,,CHI,W (+7),0,24:00,4,6,0.667,0,0,,0,0,,1,0,1,0,0,1,1,5,8,3.8,
231,73,73,1989-04-07,27-329,DET,@,CHI,W (+2),0,34:00,6,7,0.857,0,0,,2,4,0.5,4,5,9,1,0,1,1,6,14,13.0,
232,74,74,1989-04-09,27-331,DET,,MIL,W (+9),0,31:00,2,3,0.667,0,0,,1,2,0.5,5,5,10,2,1,1,2,2,5,8.6,
233,75,75,1989-04-10,27-332,DET,@,WSB,W (+24),0,25:00,3,5,0.6,0,0,,3,4,0.75,2,2,4,2,1,2,1,2,9,10.3,
234,76,76,1989-04-12,27-334,DET,,CLE,W (+12),0,28:00,2,3,0.667,0,0,,0,0,,2,5,7,0,0,1,0,4,4,4.7,
235,77,77,1989-04-14,27-336,DET,@,NYK,L (-4),0,31:00,7,11,0.636,0,1,0.0,0,0,,5,5,10,3,0,1,0,2,14,16.1,
236,78,78,1989-04-16,27-338,DET,,WSB,W (+6),0,29:00,5,5,1.0,0,0,,4,5,0.8,1,6,7,0,0,0,1,2,14,12.8,
237,79,79,1989-04-18,27-340,DET,@,CLE,W (+16),0,22:00,3,7,0.429,0,0,,2,3,0.667,3,5,8,1,1,0,0,5,8,7.2,
238,80,80,1989-04-19,27-341,DET,,IND,W (+10),0,28:00,4,9,0.444,0,1,0.0,3,5,0.6,9,5,14,2,1,1,2,3,11,13.2,
239,81,81,1989-04-21,27-343,DET,,PHI,W (+9),0,24:00,5,8,0.625,0,1,0.0,0,0,,1,5,6,1,0,0,0,1,10,8.9,
240,82,82,1989-04-23,27-345,DET,,ATL,W (+18),0,29:00,3,7,0.429,0,0,,9,12,0.75,6,7,13,2,1,1,4,3,15,14.3,
241,1,1,1989-11-03,28-174,DET,,NYK,W (+3),0,20:00,2,4,0.5,0,0,,2,3,0.667,3,4,7,0,0,1,3,2,6,3.8,
242,2,2,1989-11-04,28-175,DET,@,WSB,W (+2),0,27:00,2,6,0.333,0,0,,6,6,1.0,3,4,7,0,2,1,2,4,10,9.0,
243,3,3,1989-11-07,28-178,DET,@,CHI,L (-3),0,33:00,2,7,0.286,0,0,,6,9,0.667,4,4,8,1,0,0,0,3,10,8.2,
244,4,4,1989-11-08,28-179,DET,@,IND,L (-21),0,35:00,5,11,0.455,0,1,0.0,2,4,0.5,11,4,15,1,0,0,3,3,12,10.9,
245,5,5,1989-11-10,28-181,DET,@,ORL,W (+4),0,29:00,3,4,0.75,0,0,,1,3,0.333,5,1,6,1,1,1,0,3,7,9.6,
246,6,6,1989-11-11,28-182,DET,@,MIA,L (-4),0,24:00,2,4,0.5,0,0,,0,0,,5,6,11,0,0,1,1,5,4,5.0,
247,7,7,1989-11-15,28-186,DET,,MIA,W (+36),0,27:00,5,6,0.833,0,0,,3,4,0.75,4,7,11,2,0,0,1,2,13,14.9,
248,8,8,1989-11-17,28-188,DET,,MIL,W (+27),0,21:00,4,6,0.667,0,0,,5,6,0.833,6,6,12,0,1,2,2,3,13,15.2,
249,9,9,1989-11-18,28-189,DET,,BOS,W (+17),0,27:00,3,4,0.75,0,0,,2,5,0.4,1,4,5,0,1,1,1,4,8,6.2,
250,10,10,1989-11-21,28-192,DET,,ATL,L (-7),1,40:00,6,15,0.4,0,1,0.0,2,2,1.0,7,3,10,3,1,1,0,1,14,15.1,
251,11,11,1989-11-24,28-195,DET,,CLE,W (+19),0,15:00,0,2,0.0,0,0,,0,2,0.0,1,4,5,0,0,0,5,5,0,-7.3,
252,12,12,1989-11-26,28-197,DET,@,POR,L (-20),0,23:00,3,8,0.375,0,0,,2,2,1.0,6,1,7,0,1,2,1,5,8,7.5,
253,13,13,1989-11-28,28-199,DET,@,SAC,W (+12),0,22:00,6,11,0.545,0,0,,0,1,0.0,1,2,3,0,0,1,2,2,12,5.5,
254,14,14,1989-11-29,28-200,DET,@,PHO,W (+8),0,23:00,0,1,0.0,0,0,,4,6,0.667,3,3,6,0,0,1,1,5,4,3.2,
255,15,15,1989-12-01,28-202,DET,@,LAL,W (+11),0,39:00,5,7,0.714,0,0,,0,0,,7,7,14,0,1,0,1,3,10,12.9,
256,16,16,1989-12-02,28-203,DET,@,SEA,L (-25),0,21:00,3,8,0.375,0,0,,1,2,0.5,5,3,8,1,0,1,0,4,7,6.4,
257,17,17,1989-12-06,28-207,DET,,WSB,W (+8),0,23:00,4,6,0.667,0,0,,0,1,0.0,4,1,5,1,0,0,0,4,8,7.2,
258,18,18,1989-12-08,28-209,DET,@,PHI,L (-6),0,26:00,7,12,0.583,0,0,,3,5,0.6,7,1,8,1,0,0,1,3,17,14.3,
259,19,19,1989-12-09,28-210,DET,,IND,W (+28),0,28:00,5,7,0.714,0,0,,3,4,0.75,3,11,14,2,1,0,0,2,13,16.7,
260,20,20,1989-12-12,28-213,DET,@,DEN,W (+13),0,22:00,3,3,1.0,0,0,,0,0,,2,3,5,0,0,0,0,5,6,5.4,
261,21,21,1989-12-13,28-214,DET,@,LAC,L (-4),0,35:00,3,7,0.429,0,0,,2,2,1.0,11,3,14,2,1,2,0,5,8,14.7,
262,22,22,1989-12-15,28-216,DET,@,UTA,L (-3),0,14:00,1,2,0.5,0,0,,2,2,1.0,4,1,5,0,0,0,0,5,4,4.1,
263,23,23,1989-12-16,28-217,DET,@,GSW,L (-12),0,34:00,5,6,0.833,0,0,,1,3,0.333,7,7,14,2,0,0,2,3,11,13.2,
264,24,24,1989-12-19,28-220,DET,,SEA,W (+17),0,23:00,2,6,0.333,0,0,,0,1,0.0,3,3,6,0,1,1,1,2,4,3.1,
265,25,25,1989-12-22,28-223,DET,@,NJN,W (+6),0,25:00,1,3,0.333,0,0,,2,2,1.0,2,3,5,0,1,0,1,2,4,3.8,
266,26,26,1989-12-23,28-224,DET,,ORL,W (+6),0,29:00,4,9,0.444,0,0,,6,10,0.6,6,7,13,0,0,1,1,2,14,12.9,
267,27,27,1989-12-27,28-228,DET,@,CLE,W (+17),0,31:00,5,6,0.833,0,0,,0,0,,5,7,12,1,0,1,2,4,10,11.2,
268,28,28,1989-12-29,28-230,DET,,MIL,L (-14),0,29:00,4,7,0.571,0,0,,2,3,0.667,3,5,8,1,1,0,1,4,10,9.0,
269,29,29,1989-12-30,28-231,DET,,NJN,W (+11),0,26:00,6,9,0.667,1,1,1.0,0,0,,6,4,10,1,1,1,1,4,13,14.3,
270,30,30,1990-01-02,28-234,DET,@,ORL,W (+2),0,24:00,3,3,1.0,0,0,,4,6,0.667,1,7,8,1,0,1,1,4,10,9.9,
271,31,31,1990-01-03,28-235,DET,,LAC,W (+4),0,24:00,2,6,0.333,0,0,,1,1,1.0,4,4,8,0,1,0,1,3,5,4.4,
272,32,32,1990-01-05,28-237,DET,,IND,W (+23),0,21:00,4,5,0.8,0,0,,2,4,0.5,3,5,8,1,1,0,2,4,10,9.0,
273,33,33,1990-01-06,28-238,DET,,NYK,W (+11),0,29:00,7,12,0.583,0,1,0.0,3,4,0.75,3,6,9,0,0,1,1,3,17,13.4,
274,34,34,1990-01-09,28-241,DET,,CHI,W (+10),0,23:00,3,5,0.6,0,1,0.0,2,2,1.0,3,5,8,1,2,0,1,2,8,10.2,
275,35,35,1990-01-10,28-242,DET,@,BOS,L (-7),0,28:00,4,5,0.8,0,0,,2,2,1.0,4,5,9,0,0,1,1,3,10,10.9,
276,36,36,1990-01-12,28-244,DET,,MIN,W (+11),0,36:00,4,8,0.5,0,0,,4,4,1.0,5,10,15,1,1,0,1,2,12,14.4,
277,37,37,1990-01-13,28-245,DET,,POR,W (+5),0,24:00,3,5,0.6,0,0,,1,2,0.5,3,6,9,0,0,0,2,2,7,5.4,
278,38,38,1990-01-17,28-249,DET,@,PHI,L (-4),0,28:00,2,2,1.0,0,0,,0,2,0.0,1,8,9,1,0,2,2,5,4,3.8,
279,39,39,1990-01-19,28-251,DET,,GSW,W (+7),0,34:00,6,10,0.6,0,0,,1,2,0.5,9,11,20,0,1,1,1,4,13,16.7,
280,40,40,1990-01-21,28-253,DET,,LAL,L (-10),0,29:00,2,4,0.5,0,0,,4,7,0.571,2,4,6,0,1,2,0,4,8,8.2,
281,41,41,1990-01-23,28-255,DET,@,CHI,W (+12),1,37:00,3,6,0.5,0,0,,3,5,0.6,4,7,11,1,0,1,1,6,9,8.1,
282,42,42,1990-01-26,28-258,DET,,PHO,W (+4),1,23:00,2,2,1.0,0,0,,0,0,,2,5,7,1,3,0,1,4,4,7.4,
283,43,43,1990-01-27,28-259,DET,@,MIN,W (+2),1,43:00,6,9,0.667,0,0,,0,3,0.0,3,8,11,2,0,0,2,4,12,9.2,
284,44,44,1990-01-30,28-262,DET,@,ATL,W (+17),1,25:00,5,5,1.0,0,0,,0,0,,3,5,8,2,0,1,0,2,10,13.4,
285,45,45,1990-01-31,28-263,DET,,WSB,W (+24),1,20:00,4,7,0.571,0,0,,2,2,1.0,1,5,6,1,1,0,2,3,10,7.4,
286,46,46,1990-02-03,28-266,DET,@,CLE,W (+5),1,29:00,2,3,0.667,0,0,,0,0,,2,6,8,2,1,0,0,2,4,7.5,
287,47,47,1990-02-04,28-267,DET,,UTA,W (+32),1,23:00,2,6,0.333,0,1,0.0,0,1,0.0,2,6,8,0,0,0,0,2,4,2.6,
288,48,48,1990-02-06,28-269,DET,,CLE,W (+9),1,24:00,3,5,0.6,0,1,0.0,1,2,0.5,4,7,11,2,0,0,2,2,7,7.8,
289,49,49,1990-02-08,28-271,DET,@,MIL,W (+3),1,24:00,5,7,0.714,0,0,,0,0,,3,6,9,1,0,1,2,4,10,8.8,
290,50,50,1990-02-13,28-276,DET,,DEN,W (+10),1,31:00,2,6,0.333,0,0,,2,2,1.0,8,9,17,2,1,0,2,2,6,10.5,
291,51,51,1990-02-17,28-280,DET,@,MIA,W (+18),1,37:00,4,6,0.667,0,0,,0,0,,5,13,18,2,1,3,1,2,8,15.5,
292,52,52,1990-02-19,28-282,DET,,MIA,W (+9),1,39:00,8,11,0.727,0,1,0.0,2,3,0.667,4,7,11,1,1,1,2,2,18,17.6,
293,53,53,1990-02-21,28-284,DET,,ORL,W (+31),1,26:00,3,6,0.5,0,0,,0,2,0.0,2,9,11,0,2,0,1,3,6,6.1,
294,54,54,1990-02-23,28-286,DET,@,ATL,L (-9),1,30:00,5,6,0.833,0,0,,0,3,0.0,2,4,6,1,0,1,0,5,10,8.6,
295,55,55,1990-02-25,28-288,DET,@,NYK,W (+11),1,32:00,5,6,0.833,0,0,,0,0,,2,10,12,2,2,1,0,1,10,15.9,
296,56,56,1990-02-27,28-290,DET,,HOU,W (+4),1,36:00,0,3,0.0,0,0,,1,2,0.5,3,7,10,3,2,2,0,3,1,7.0,
297,57,57,1990-03-01,28-292,DET,@,WSB,W (+14),1,32:00,2,6,0.333,0,0,,1,2,0.5,6,9,15,0,2,2,0,1,5,11.1,
298,58,58,1990-03-02,28-293,DET,,PHI,W (+3),1,41:00,3,8,0.375,0,0,,0,0,,5,8,13,1,1,1,1,4,6,7.3,
299,59,59,1990-03-04,28-295,DET,,IND,W (+6),1,35:00,4,5,0.8,0,0,,3,5,0.6,5,12,17,1,0,3,0,2,11,17.4,
300,60,60,1990-03-06,28-297,DET,,SAC,W (+10),1,27:00,2,5,0.4,0,0,,2,2,1.0,5,5,10,0,0,2,0,1,6,9.3,
301,61,61,1990-03-09,28-300,DET,@,NJN,W (+4),1,41:00,5,11,0.455,0,0,,1,1,1.0,8,5,13,1,0,1,2,4,11,10.2,
302,62,62,1990-03-11,28-302,DET,@,CHH,W (+10),1,30:00,2,3,0.667,0,0,,1,2,0.5,2,7,9,2,1,1,2,3,5,6.7,
303,63,63,1990-03-15,28-306,DET,,SAS,W (+12),1,32:00,3,5,0.6,0,0,,0,0,,5,3,8,4,1,2,1,4,6,10.7,
304,64,64,1990-03-16,28-307,DET,@,CHI,W (+25),1,36:00,6,7,0.857,0,0,,1,2,0.5,3,5,8,0,0,1,1,2,13,12.6,
305,65,65,1990-03-18,28-309,DET,,DAL,W (+30),1,21:00,4,6,0.667,0,0,,0,0,,2,5,7,1,0,1,2,3,8,6.5,
306,66,66,1990-03-20,28-311,DET,@,MIL,W (+21),1,28:00,4,6,0.667,0,0,,0,0,,5,4,9,3,1,0,2,2,8,10.4,
307,67,67,1990-03-22,28-313,DET,@,HOU,L (-5),1,33:00,2,5,0.4,0,1,0.0,3,6,0.5,7,5,12,1,1,1,1,4,7,9.3,
308,68,68,1990-03-24,28-315,DET,@,SAS,L (-7),1,32:00,3,5,0.6,0,0,,0,0,,5,3,8,1,0,1,1,5,6,6.5,
309,69,69,1990-03-25,28-316,DET,@,DAL,L (-2),1,31:00,1,2,0.5,0,0,,5,6,0.833,1,4,5,0,0,1,0,4,7,6.6,
310,70,70,1990-03-28,28-319,DET,,CHH,W (+9),1,32:00,2,3,0.667,0,0,,5,5,1.0,3,5,8,2,3,0,0,4,9,14.1,
311,71,71,1990-03-30,28-321,DET,@,BOS,L (-12),1,26:00,5,11,0.455,0,0,,1,2,0.5,7,7,14,0,0,0,1,5,11,8.9,
312,72,72,1990-04-03,28-325,DET,,BOS,W (+11),1,40:00,6,9,0.667,0,0,,2,4,0.5,7,6,13,1,0,1,0,3,14,16.2,
313,73,73,1990-04-05,28-327,DET,@,ATL,W (+5),1,18:00,2,3,0.667,0,0,,4,4,1.0,1,5,6,0,0,0,1,5,8,5.9,
314,74,74,1990-04-06,28-328,DET,,MIL,L (-8),1,36:00,4,8,0.5,0,0,,3,4,0.75,5,7,12,0,3,0,1,6,11,11.8,
315,75,75,1990-04-08,28-330,DET,@,CLE,L (-3),1,35:00,2,3,0.667,0,0,,1,2,0.5,4,7,11,1,0,0,1,5,5,5.9,
316,76,76,1990-04-10,28-332,DET,@,NYK,W (+10),1,39:00,4,8,0.5,0,0,,2,3,0.667,8,5,13,0,1,1,3,4,10,9.8,
317,77,77,1990-04-11,28-333,DET,,NJN,W (+5),1,33:00,3,4,0.75,0,0,,1,2,0.5,4,4,8,2,0,0,1,3,7,8.2,
318,78,78,1990-04-13,28-335,DET,,ATL,L (-4),1,24:00,2,4,0.5,0,0,,5,6,0.833,1,5,6,0,0,0,0,3,9,7.6,
319,79,79,1990-04-14,28-336,DET,,ORL,W (+4),1,30:00,4,6,0.667,0,0,,2,2,1.0,2,6,8,0,1,2,0,3,10,11.8,
320,80,80,1990-04-19,28-341,DET,,PHI,L (-10),1,31:00,5,5,1.0,0,0,,0,0,,3,5,8,1,1,0,1,5,10,10.8,
321,81,81,1990-04-20,28-342,DET,@,IND,W (+6),1,37:00,3,4,0.75,0,0,,5,6,0.833,6,11,17,0,0,1,5,5,11,10.2,
322,82,82,1990-04-22,28-344,DET,,CHI,W (+5),1,27:00,5,8,0.625,0,0,,2,2,1.0,3,4,7,2,1,0,1,4,12,11.5,
323,1,1,1990-11-02,29-173,DET,,MIL,W (+11),0,27:00,3,5,0.6,0,0,,1,2,0.5,5,6,11,3,0,0,2,2,7,8.9,
324,2,2,1990-11-03,29-174,DET,,CLE,W (+9),0,27:00,2,4,0.5,0,0,,0,0,,5,4,9,0,1,0,2,4,4,4.1,
325,3,3,1990-11-06,29-177,DET,@,SEA,L (-8),0,21:00,1,3,0.333,0,0,,2,2,1.0,2,1,3,0,1,0,0,6,4,2.6,
326,4,4,1990-11-07,29-178,DET,@,LAC,W (+27),0,28:00,3,3,1.0,0,0,,1,2,0.5,5,6,11,1,1,1,0,3,7,12.2,
327,5,5,1990-11-09,29-180,DET,@,POR,L (-12),0,27:00,2,3,0.667,0,0,,1,3,0.333,6,6,12,2,1,1,1,4,5,9.4,
328,6,6,1990-11-13,29-184,DET,,MIA,W (+25),1,29:00,2,5,0.4,0,0,,1,2,0.5,5,4,9,5,3,0,2,2,5,10.3,
329,7,7,1990-11-16,29-187,DET,@,NJN,W (+9),1,29:00,3,5,0.6,0,0,,2,3,0.667,2,6,8,0,3,1,1,5,8,9.2,
330,8,8,1990-11-17,29-188,DET,,ATL,W (+8),1,24:00,1,5,0.2,1,1,1.0,1,2,0.5,3,5,8,3,0,2,0,2,4,6.8,
331,9,9,1990-11-20,29-191,DET,@,MIA,W (+16),1,15:00,0,0,,0,0,,0,0,,0,3,3,0,0,0,1,2,0,-0.9,
332,10,10,1990-11-21,29-192,DET,@,IND,W (+8),1,34:00,2,5,0.4,0,0,,0,0,,5,9,14,1,0,0,1,6,4,4.8,
333,11,11,1990-11-23,29-194,DET,,WSB,W (+9),1,26:00,3,8,0.375,0,0,,0,2,0.0,6,9,15,1,0,2,2,2,6,7.0,
334,12,12,1990-11-25,29-196,DET,,SAC,W (+13),1,29:00,0,0,,0,0,,0,0,,2,11,13,0,0,0,0,3,0,3.5,
335,13,13,1990-11-27,29-198,DET,@,ATL,W (+23),1,24:00,3,3,1.0,0,0,,0,0,,4,10,14,3,1,0,2,3,6,10.8,
336,14,14,1990-11-28,29-199,DET,,NYK,W (+7),1,30:00,2,4,0.5,0,0,,1,2,0.5,4,2,6,0,2,0,0,2,5,7.2,
337,15,15,1990-11-30,29-201,DET,,PHI,W (+2),1,31:00,2,2,1.0,0,0,,3,4,0.75,1,5,6,0,0,1,2,5,7,4.9,
338,16,16,1990-12-01,29-202,DET,@,WSB,L (-11),1,28:00,4,7,0.571,0,0,,0,0,,5,5,10,2,1,2,0,6,8,11.1,
339,17,17,1990-12-04,29-205,DET,@,LAL,L (-24),1,25:00,2,3,0.667,0,0,,0,0,,0,5,5,0,0,0,0,2,4,3.4,
340,18,18,1990-12-05,29-206,DET,@,UTA,L (-21),1,36:00,4,6,0.667,0,1,0.0,1,2,0.5,5,7,12,1,0,1,2,2,9,10.2,
341,19,19,1990-12-07,29-208,DET,@,GSW,L (-3),1,38:00,1,9,0.111,0,1,0.0,0,0,,3,7,10,1,1,0,1,4,2,-0.6,
342,20,20,1990-12-08,29-209,DET,@,SAC,W (+11),1,33:00,6,9,0.667,0,0,,0,0,,3,8,11,1,0,1,0,3,12,12.8,
343,21,21,1990-12-11,29-212,DET,,SAS,L (-9),1,27:00,1,5,0.2,0,0,,1,2,0.5,2,7,9,0,0,0,1,3,3,0.8,
344,22,22,1990-12-14,29-215,DET,@,BOS,L (-8),1,43:00,1,2,0.5,0,1,0.0,4,4,1.0,3,12,15,1,0,0,2,2,6,8.6,
345,23,23,1990-12-18,29-219,DET,@,MIL,L (-5),1,25:00,3,10,0.3,0,0,,1,2,0.5,7,4,11,1,1,0,2,3,7,5.4,
346,24,24,1990-12-19,29-220,DET,,CHI,W (+21),1,30:00,3,6,0.5,0,0,,2,3,0.667,2,9,11,2,1,1,2,3,8,8.6,
347,25,25,1990-12-21,29-222,DET,,ATL,W (+26),1,24:00,4,6,0.667,0,0,,0,0,,4,7,11,3,1,0,1,2,8,11.6,
348,26,26,1990-12-22,29-223,DET,@,PHI,L (-7),1,31:00,4,7,0.571,0,1,0.0,0,0,,5,6,11,1,2,0,1,5,8,9.7,
349,27,27,1990-12-25,29-226,DET,@,CHI,L (-12),1,21:00,0,3,0.0,0,0,,1,2,0.5,6,4,10,1,0,0,2,3,1,1.4,
350,28,28,1990-12-26,29-227,DET,,CHH,W (+8),1,29:00,4,6,0.667,0,0,,2,3,0.667,4,6,10,2,1,1,1,4,10,12.1,
351,29,29,1990-12-28,29-229,DET,@,MIN,W (+12),1,31:00,4,6,0.667,0,0,,1,1,1.0,1,5,6,2,2,2,0,4,9,11.8,
352,30,30,1990-12-29,29-230,DET,,HOU,W (+15),1,30:00,3,5,0.6,0,1,0.0,2,2,1.0,2,15,17,0,1,0,4,4,8,7.0,
353,31,31,1991-01-02,29-234,DET,,DEN,W (+11),1,44:00,15,21,0.714,0,0,,4,5,0.8,7,16,23,0,2,0,0,1,34,36.2,
354,32,32,1991-01-04,29-236,DET,@,CLE,W (+4),1,33:00,2,4,0.5,0,0,,1,2,0.5,1,8,9,1,1,1,0,4,5,6.5,
355,33,33,1991-01-05,29-237,DET,,NJN,W (+16),1,29:00,1,4,0.25,0,0,,3,4,0.75,6,10,16,0,0,0,1,3,5,7.2,
356,34,34,1991-01-08,29-240,DET,@,CHH,W (+3),1,35:00,5,7,0.714,0,1,0.0,0,0,,2,10,12,0,0,0,1,5,10,8.5,
357,35,35,1991-01-11,29-243,DET,,POR,W (+2),1,48:00,6,9,0.667,0,0,,1,2,0.5,3,12,15,0,1,0,0,3,13,14.2,
358,36,36,1991-01-12,29-244,DET,,MIA,W (+6),1,45:00,6,12,0.5,0,0,,6,6,1.0,7,11,18,0,1,0,0,3,18,20.0,
359,37,37,1991-01-14,29-246,DET,@,DAL,W (+8),1,40:00,3,5,0.6,0,0,,2,4,0.5,5,10,15,2,2,3,0,3,8,15.7,
360,38,38,1991-01-17,29-249,DET,@,HOU,W (+6),1,48:00,8,15,0.533,0,0,,0,4,0.0,10,8,18,0,0,1,1,3,16,15.0,
361,39,39,1991-01-18,29-250,DET,@,PHO,L (-1),1,39:00,1,5,0.2,0,0,,1,2,0.5,1,10,11,1,1,0,3,2,3,1.1,
362,40,40,1991-01-21,29-253,DET,,BOS,W (+11),1,38:00,4,11,0.364,0,2,0.0,3,3,1.0,3,5,8,1,1,0,0,0,11,10.2,
363,41,41,1991-01-23,29-255,DET,@,BOS,L (-17),1,35:00,4,10,0.4,0,1,0.0,0,0,,4,6,10,0,2,1,1,2,8,8.1,
364,42,42,1991-01-25,29-257,DET,,DAL,W (+2),1,40:00,2,7,0.286,0,0,,2,2,1.0,2,15,17,0,0,0,0,0,6,7.8,
365,43,43,1991-01-26,29-258,DET,@,ORL,W (+40),1,26:00,3,4,0.75,0,0,,6,6,1.0,4,9,13,3,1,2,0,2,12,19.6,
366,44,44,1991-01-28,29-260,DET,,WSB,W (+6),1,40:00,8,12,0.667,0,1,0.0,2,4,0.5,5,5,10,1,0,3,1,3,18,17.6,
367,45,45,1991-01-30,29-262,DET,,CLE,W (+9),1,36:00,4,8,0.5,0,0,,0,1,0.0,4,12,16,0,1,0,0,2,8,10.2,
368,46,46,1991-02-01,29-264,DET,@,WSB,W (+5),1,30:00,0,8,0.0,0,0,,3,4,0.75,4,4,8,1,0,1,0,5,3,0.4,
369,47,47,1991-02-03,29-266,DET,,PHO,L (-15),1,30:00,5,10,0.5,0,0,,0,0,,4,8,12,0,0,1,1,3,10,8.7,
370,48,48,1991-02-05,29-268,DET,,PHI,W (+9),1,38:00,4,8,0.5,0,0,,1,2,0.5,6,6,12,1,1,0,1,5,9,9.3,
371,49,49,1991-02-07,29-270,DET,,CHI,L (-2),1,29:00,4,8,0.5,0,0,,3,4,0.75,5,9,14,0,0,0,2,4,11,9.2,
372,50,50,1991-02-13,29-276,DET,,IND,L (-4),1,45:00,4,12,0.333,0,1,0.0,4,7,0.571,10,14,24,2,1,2,3,2,12,15.2,
373,51,51,1991-02-14,29-277,DET,@,MIL,W (+8),1,41:00,2,5,0.4,0,0,,0,0,,8,8,16,2,2,1,1,5,4,10.4,
374,52,52,1991-02-17,29-280,DET,@,NYK,L (-28),1,22:00,2,4,0.5,0,0,,1,2,0.5,2,6,8,1,0,0,1,1,5,5.1,
375,53,53,1991-02-18,29-281,DET,,SEA,W (+2),1,48:00,6,11,0.545,0,0,,7,10,0.7,7,8,15,3,3,1,2,4,19,22.0,
376,54,54,1991-02-20,29-283,DET,,ATL,W (+8),1,28:00,5,8,0.625,0,0,,1,4,0.25,2,9,11,0,0,0,1,6,11,6.9,
377,55,55,1991-02-22,29-285,DET,@,CHH,L (-8),1,38:00,6,10,0.6,0,0,,3,3,1.0,8,10,18,1,0,3,2,3,15,18.6,
378,56,56,1991-02-24,29-287,DET,,LAL,L (-6),1,47:00,7,11,0.636,0,0,,1,2,0.5,7,10,17,1,3,2,2,6,15,18.3,
379,57,57,1991-02-26,29-289,DET,@,CLE,L (-3),1,43:00,5,10,0.5,3,4,0.75,2,2,1.0,4,11,15,4,0,0,0,5,15,16.9,
380,58,58,1991-02-28,29-291,DET,@,MIA,L (-2),1,44:00,5,9,0.556,0,0,,3,7,0.429,9,11,20,2,0,1,1,3,13,16.6,
381,59,59,1991-03-01,29-292,DET,,UTA,L (-2),1,39:00,3,8,0.375,0,0,,1,4,0.25,7,8,15,2,0,0,2,4,7,6.5,
382,60,60,1991-03-03,29-294,DET,,LAC,W (+9),1,31:00,2,6,0.333,0,0,,0,1,0.0,4,6,10,1,1,1,2,5,4,3.2,
383,61,61,1991-03-06,29-297,DET,,NYK,L (-3),1,36:00,3,5,0.6,0,0,,0,0,,3,8,11,2,0,1,0,3,6,9.1,
384,62,62,1991-03-09,29-300,DET,@,IND,W (+2),1,42:00,3,8,0.375,0,0,,4,8,0.5,9,10,19,1,1,1,1,3,10,13.5,
385,63,63,1991-03-11,29-302,DET,,MIL,L (-11),1,37:00,4,6,0.667,0,0,,2,4,0.5,3,7,10,0,1,0,0,3,10,10.6,
386,64,64,1991-03-13,29-304,DET,,CHH,W (+11),1,38:00,2,6,0.333,0,1,0.0,2,2,1.0,4,13,17,3,2,0,3,3,6,9.2,
387,65,65,1991-03-14,29-305,DET,@,NJN,L (-8),1,26:00,4,8,0.5,0,2,0.0,0,0,,3,5,8,0,0,0,1,4,8,5.0,
388,66,66,1991-03-16,29-307,DET,,ORL,W (+7),1,37:00,3,10,0.3,1,3,0.333,0,0,,4,9,13,0,1,2,1,4,7,6.5,
389,67,67,1991-03-20,29-311,DET,@,PHI,L (-4),1,28:00,8,11,0.727,0,1,0.0,0,0,,5,6,11,1,2,0,0,5,16,17.5,
390,68,68,1991-03-22,29-313,DET,,NJN,W (+16),1,29:00,1,4,0.25,0,0,,0,0,,5,9,14,1,1,0,0,1,2,7.1,
391,69,69,1991-03-24,29-315,DET,@,SAS,L (-7),1,29:00,1,8,0.125,0,1,0.0,0,0,,4,13,17,2,0,0,3,2,2,1.1,
392,70,70,1991-03-25,29-316,DET,@,DEN,W (+24),1,28:00,1,6,0.167,0,0,,2,4,0.5,2,15,17,0,1,0,1,5,4,3.3,
393,71,71,1991-03-27,29-318,DET,,IND,W (+9),1,44:00,8,12,0.667,0,0,,3,4,0.75,9,10,19,1,1,2,3,3,19,21.6,
394,72,72,1991-03-29,29-320,DET,,GSW,W (+6),1,31:00,1,3,0.333,0,0,,2,4,0.5,7,12,19,0,0,0,5,4,4,3.4,
395,73,73,1991-04-02,29-324,DET,@,CHH,W (+5),1,42:00,2,4,0.5,0,0,,0,0,,3,9,12,1,0,2,0,3,4,7.7,
396,74,74,1991-04-05,29-327,DET,,MIN,W (+19),1,35:00,2,6,0.333,0,1,0.0,0,0,,3,10,13,1,1,2,1,3,4,6.6,
397,75,75,1991-04-06,29-328,DET,@,NYK,L (-13),1,38:00,2,6,0.333,0,0,,0,0,,5,6,11,0,0,0,3,4,4,1.3,
398,76,76,1991-04-09,29-331,DET,@,MIL,L (-10),1,34:00,2,4,0.5,0,1,0.0,0,0,,3,9,12,1,0,1,4,5,4,2.2,
399,77,77,1991-04-10,29-332,DET,,CLE,L (-4),1,35:00,1,5,0.2,0,0,,0,0,,4,10,14,0,0,1,2,4,2,1.8,
400,78,78,1991-04-12,29-334,DET,,CHI,W (+4),1,30:00,1,6,0.167,0,0,,0,0,,7,5,12,0,1,0,0,6,2,3.2,
401,79,79,1991-04-14,29-336,DET,@,IND,L (-18),1,43:00,5,9,0.556,0,1,0.0,2,2,1.0,5,7,12,1,0,0,0,5,12,12.0,
402,80,80,1991-04-16,29-338,DET,,BOS,W (+28),1,37:00,6,10,0.6,0,1,0.0,0,0,,6,12,18,0,2,2,1,2,12,16.8,
403,81,81,1991-04-19,29-341,DET,@,ATL,W (+6),1,29:00,4,6,0.667,0,0,,5,6,0.833,4,4,8,1,0,1,1,6,13,12.0,
404,82,82,1991-04-21,29-343,DET,@,CHI,L (-8),1,38:00,7,10,0.7,1,2,0.5,0,0,,5,7,12,2,3,0,0,5,15,18.8,
405,1,1,1991-11-01,30-172,DET,,MIL,L (-10),1,26:00,2,4,0.5,0,0,,1,2,0.5,2,3,5,1,0,1,4,2,5,1.5,
406,2,2,1991-11-02,30-173,DET,@,ATL,W (+2),1,37:00,4,5,0.8,0,0,,1,3,0.333,4,13,17,2,0,0,4,5,9,8.4,
407,3,3,1991-11-05,30-176,DET,,CHH,W (+24),1,20:00,0,2,0.0,0,0,,0,0,,4,11,15,6,1,0,1,3,0,7.7,
408,4,4,1991-11-09,30-180,DET,@,NJN,W (+10),1,27:00,3,5,0.6,0,0,,0,0,,4,4,8,1,1,0,1,1,6,8.0,
409,5,5,1991-11-10,30-181,DET,,WSB,W (+6),1,30:00,2,7,0.286,0,0,,0,0,,6,6,12,2,3,2,1,1,4,10.3,
410,6,6,1991-11-12,30-183,DET,@,CHI,L (-17),1,40:00,6,8,0.75,2,3,0.667,6,8,0.75,9,4,13,3,0,0,1,3,20,23.4,
411,7,7,1991-11-13,30-184,DET,@,MIA,L (-5),1,40:00,4,8,0.5,0,1,0.0,0,0,,8,12,20,5,1,0,1,4,8,15.1,
412,8,8,1991-11-15,30-186,DET,,UTA,W (+8),1,34:00,4,9,0.444,0,1,0.0,1,3,0.333,6,8,14,2,1,0,1,3,9,10.3,
413,9,9,1991-11-16,30-187,DET,,PHI,L (-3),1,36:00,5,7,0.714,0,0,,3,6,0.5,7,10,17,4,1,1,2,4,13,17.7,
414,10,10,1991-11-18,30-189,DET,@,IND,L (-17),1,39:00,4,6,0.667,0,2,0.0,0,0,,8,11,19,3,0,0,0,3,8,15.2,
415,11,11,1991-11-20,30-191,DET,,SEA,L (-5),1,38:00,2,8,0.25,0,1,0.0,3,4,0.75,6,13,19,0,0,2,4,4,7,5.7,
416,12,12,1991-11-22,30-193,DET,,NYK,L (-9),1,34:00,3,6,0.5,0,1,0.0,0,2,0.0,3,12,15,1,2,0,1,2,6,8.8,
417,13,13,1991-11-23,30-194,DET,@,CLE,L (-7),1,38:00,5,10,0.5,0,1,0.0,0,0,,7,9,16,3,1,0,0,2,10,14.9,
418,14,14,1991-11-26,30-197,DET,@,ATL,W (+10),1,28:00,7,9,0.778,0,0,,0,0,,5,6,11,1,1,1,3,5,14,13.2,
419,15,15,1991-11-27,30-198,DET,,ATL,W (+9),1,40:00,4,8,0.5,0,0,,0,0,,4,8,12,1,1,0,1,1,8,9.5,
420,16,16,1991-11-30,30-201,DET,@,NYK,L (-7),1,29:00,4,11,0.364,0,0,,0,0,,3,6,9,2,1,0,3,3,8,4.0,
421,17,17,1991-12-01,30-202,DET,,HOU,W (+7),1,45:00,5,10,0.5,0,0,,1,1,1.0,4,13,17,1,2,2,0,1,11,16.4,
422,18,18,1991-12-03,30-204,DET,,IND,L (-9),1,30:00,2,7,0.286,0,1,0.0,2,4,0.5,9,10,19,3,0,0,2,4,6,8.9,
423,19,19,1991-12-05,30-206,DET,,CLE,L (-9),1,39:00,6,9,0.667,1,3,0.333,1,2,0.5,9,12,21,0,0,2,3,3,14,16.8,
424,20,20,1991-12-06,30-207,DET,@,WSB,W (+11),1,46:00,2,10,0.2,1,3,0.333,0,0,,9,12,21,2,0,2,2,2,5,8.7,
425,21,21,1991-12-10,30-211,DET,@,PHO,L (-9),1,47:00,7,15,0.467,1,4,0.25,2,2,1.0,9,14,23,1,0,1,0,3,17,20.0,
426,22,22,1991-12-11,30-212,DET,@,LAC,L (-5),1,48:00,6,8,0.75,0,1,0.0,3,4,0.75,2,16,18,0,1,2,0,5,15,18.0,
427,23,23,1991-12-13,30-214,DET,@,POR,W (+10),1,47:00,8,11,0.727,0,1,0.0,4,4,1.0,5,20,25,2,3,2,3,3,20,26.6,
428,24,24,1991-12-14,30-215,DET,@,UTA,L (-2),1,48:00,5,8,0.625,1,1,1.0,2,3,0.667,5,13,18,1,0,3,2,2,13,16.4,
429,25,25,1991-12-16,30-217,DET,,DEN,W (+14),1,45:00,5,8,0.625,1,1,1.0,2,4,0.5,10,10,20,0,0,2,1,2,13,18.2,
430,26,26,1991-12-18,30-219,DET,,CHH,W (+20),1,35:00,2,7,0.286,0,3,0.0,0,0,,8,13,21,0,1,2,2,1,4,9.4,
431,27,27,1991-12-20,30-221,DET,,LAL,W (+19),1,47:00,6,8,0.75,0,0,,0,0,,4,18,22,0,0,3,2,1,12,16.7,
432,28,28,1991-12-26,30-227,DET,@,ORL,W (+12),1,34:00,1,1,1.0,0,0,,2,2,1.0,6,10,16,3,2,0,2,3,4,11.8,
433,29,29,1991-12-27,30-228,DET,,ORL,W (+12),1,34:00,3,5,0.6,1,2,0.5,0,0,,6,14,20,2,0,1,4,3,7,10.0,
434,30,30,1991-12-30,30-231,DET,,PHO,L (-7),1,48:00,3,9,0.333,0,1,0.0,1,2,0.5,6,11,17,4,1,3,3,2,7,11.1,
435,31,31,1992-01-02,30-234,DET,@,HOU,W (+23),1,39:00,7,7,1.0,0,0,,0,0,,4,10,14,4,1,1,0,0,14,22.2,
436,32,32,1992-01-03,30-235,DET,@,DAL,W (+10),1,41:00,5,6,0.833,0,0,,1,2,0.5,7,13,20,2,0,0,2,4,11,15.0,
437,33,33,1992-01-06,30-238,DET,@,SAS,L (-10),1,42:00,1,4,0.25,0,0,,2,2,1.0,6,18,24,0,1,0,1,4,4,9.6,
438,34,34,1992-01-08,30-240,DET,,SAC,W (+19),1,38:00,4,7,0.571,0,0,,1,2,0.5,7,16,23,4,1,2,4,3,9,15.0,
439,35,35,1992-01-10,30-242,DET,,POR,W (+5),1,40:00,7,12,0.583,0,1,0.0,2,2,1.0,5,9,14,1,2,0,2,3,16,16.1,
440,36,36,1992-01-11,30-243,DET,,NJN,W (+2),1,45:00,7,13,0.538,0,0,,0,0,,9,15,24,0,1,0,2,4,14,15.9,
441,37,37,1992-01-13,30-245,DET,,DAL,W (+3),1,48:00,6,9,0.667,0,1,0.0,2,3,0.667,5,16,21,3,0,0,0,4,14,18.5,
442,38,38,1992-01-15,30-247,DET,@,IND,W (+14),1,44:00,4,7,0.571,0,0,,4,6,0.667,9,11,20,3,0,0,2,3,12,16.4,
443,39,39,1992-01-19,30-251,DET,,CHI,L (-2),1,46:00,5,6,0.833,0,1,0.0,1,1,1.0,5,12,17,3,2,0,1,4,11,17.4,
444,40,40,1992-01-23,30-255,DET,@,MIN,W (+11),1,46:00,0,3,0.0,0,0,,3,6,0.5,9,18,27,6,2,1,2,3,3,15.1,
445,41,41,1992-01-24,30-256,DET,@,CHI,L (-24),1,42:00,5,7,0.714,2,3,0.667,0,0,,3,10,13,3,1,0,0,2,12,16.5,
446,42,42,1992-01-26,30-258,DET,@,BOS,L (-15),1,44:00,3,4,0.75,0,0,,0,0,,4,11,15,3,1,0,0,3,6,12.4,
447,43,43,1992-01-28,30-260,DET,@,CHH,W (+5),1,50:00,6,9,0.667,1,1,1.0,3,5,0.6,12,20,32,3,0,1,4,3,16,23.3,
448,44,44,1992-01-29,30-261,DET,,CLE,L (-5),1,46:00,5,10,0.5,1,3,0.333,0,0,,8,14,22,3,1,0,3,4,11,14.3,
449,45,45,1992-01-31,30-263,DET,,MIA,W (+11),1,44:00,4,5,0.8,1,1,1.0,1,2,0.5,6,19,25,3,1,1,2,4,10,17.8,
450,46,46,1992-02-01,30-264,DET,@,ATL,W (+9),1,44:00,2,5,0.4,1,2,0.5,1,2,0.5,3,16,19,1,1,0,2,4,6,7.9,
451,47,47,1992-02-05,30-268,DET,,MIL,W (+8),0,41:00,2,7,0.286,0,0,,2,4,0.5,10,11,21,1,0,1,1,1,6,11.4,
452,48,48,1992-02-06,30-269,DET,@,CLE,W (+17),1,39:00,3,7,0.429,1,1,1.0,1,3,0.333,8,18,26,3,1,1,3,3,8,14.1,
453,49,49,1992-02-11,30-274,DET,@,MIL,L (-17),1,24:00,2,5,0.4,0,2,0.0,1,2,0.5,3,3,6,1,0,0,1,4,5,3.0,
454,50,50,1992-02-13,30-276,DET,,MIN,L (-3),1,48:00,2,6,0.333,0,2,0.0,1,2,0.5,5,10,15,4,0,1,4,5,5,5.2,
455,51,51,1992-02-16,30-279,DET,@,PHI,W (+7),1,48:00,4,8,0.5,0,1,0.0,0,0,,10,16,26,4,1,2,0,2,8,20.2,
456,52,52,1992-02-18,30-281,DET,,ORL,W (+22),1,29:00,8,10,0.8,2,3,0.667,0,0,,9,18,27,5,0,1,1,4,18,27.5,
457,53,53,1992-02-19,30-282,DET,@,NJN,L (-4),1,38:00,6,9,0.667,1,3,0.333,2,4,0.5,10,15,25,1,2,0,3,4,15,19.9,
458,54,54,1992-02-21,30-284,DET,@,ORL,W (+14),1,41:00,2,5,0.4,0,1,0.0,1,2,0.5,4,19,23,3,0,2,2,4,5,10.3,
459,55,55,1992-02-22,30-285,DET,@,MIA,L (-9),1,42:00,1,6,0.167,1,3,0.333,0,0,,4,11,15,1,1,2,0,2,3,7.6,
460,56,56,1992-02-25,30-288,DET,,CHI,W (+2),1,43:00,5,9,0.556,1,2,0.5,4,4,1.0,6,14,20,2,0,0,2,3,15,17.3,
461,57,57,1992-02-27,30-290,DET,,MIL,W (+7),1,48:00,6,9,0.667,2,2,1.0,2,2,1.0,7,15,22,4,1,2,4,3,16,21.5,
462,58,58,1992-02-29,30-292,DET,,NJN,L (-9),1,48:00,4,12,0.333,0,4,0.0,0,0,,9,14,23,4,1,3,1,2,8,15.8,
463,59,59,1992-03-02,30-294,DET,,WSB,W (+10),1,42:00,4,6,0.667,1,3,0.333,1,2,0.5,7,14,21,0,0,1,1,4,10,14.2,
464,60,60,1992-03-04,30-296,DET,,IND,W (+3),1,45:00,4,15,0.267,0,1,0.0,2,4,0.5,18,16,34,3,2,0,2,5,10,17.8,
465,61,61,1992-03-06,30-298,DET,@,DEN,W (+15),1,39:00,1,3,0.333,0,0,,0,2,0.0,6,11,17,2,1,1,2,4,2,6.5,
466,62,62,1992-03-08,30-300,DET,@,LAL,W (+5),1,44:00,2,3,0.667,0,0,,0,0,,6,14,20,4,0,1,0,2,4,13.8,
467,63,63,1992-03-10,30-302,DET,@,SEA,W (+6),1,43:00,3,6,0.5,0,1,0.0,1,2,0.5,6,9,15,4,1,1,2,3,7,11.8,
468,64,64,1992-03-12,30-304,DET,@,GSW,W (+7),1,43:00,2,2,1.0,0,0,,1,2,0.5,4,17,21,3,0,1,2,4,5,11.1,
469,65,65,1992-03-14,30-306,DET,@,SAC,W (+6),1,48:00,3,5,0.6,0,0,,1,2,0.5,9,22,31,0,3,1,6,4,7,13.3,
470,66,66,1992-03-16,30-308,DET,,ATL,L (-12),1,43:00,2,6,0.333,0,1,0.0,1,2,0.5,8,9,17,1,1,0,0,3,5,10.0,
471,67,67,1992-03-18,30-310,DET,,PHI,W (+6),1,44:00,7,14,0.5,0,0,,2,4,0.5,9,16,25,1,2,1,1,4,16,20.1,
472,68,68,1992-03-20,30-312,DET,,BOS,L (-5),1,46:00,5,7,0.714,0,0,,0,0,,9,16,25,3,0,0,0,4,10,18.7,
473,69,69,1992-03-22,30-314,DET,@,CHH,L (-12),1,44:00,4,10,0.4,1,3,0.333,0,0,,6,11,17,3,0,1,0,4,9,12.3,
474,70,70,1992-03-25,30-317,DET,,GSW,L (-4),1,39:00,5,8,0.625,0,1,0.0,0,0,,7,14,21,2,2,0,1,2,10,17.1,
475,71,71,1992-03-27,30-319,DET,@,BOS,L (-19),1,44:00,5,9,0.556,0,0,,0,0,,6,11,17,2,1,1,3,4,10,11.7,
476,72,72,1992-03-29,30-321,DET,,SAS,W (+4),0,12:00,1,2,0.5,0,1,0.0,0,0,,1,2,3,1,0,0,0,0,2,3.0,
477,73,73,1992-03-31,30-323,DET,,LAC,L (-16),1,33:00,2,6,0.333,0,3,0.0,0,0,,9,12,21,1,4,1,4,2,4,11.1,
478,74,74,1992-04-03,30-326,DET,@,WSB,L (-34),1,31:00,5,10,0.5,0,1,0.0,3,4,0.75,5,5,10,1,0,1,3,3,13,9.8,
479,75,75,1992-04-05,30-328,DET,,MIA,W (+24),1,38:00,5,7,0.714,0,0,,0,0,,4,15,19,4,1,1,0,3,10,17.7,
480,76,76,1992-04-07,30-330,DET,@,NYK,W (+9),1,39:00,7,9,0.778,0,0,,0,0,,5,7,12,3,1,0,3,5,14,14.2,
481,77,77,1992-04-08,30-331,DET,@,PHI,W (+18),1,38:00,6,9,0.667,1,1,1.0,0,0,,5,11,16,2,0,1,3,4,13,13.4,
482,78,78,1992-04-10,30-333,DET,,CHH,W (+19),1,43:00,9,15,0.6,1,2,0.5,0,0,,7,13,20,8,0,1,0,2,19,26.4,
483,79,79,1992-04-12,30-335,DET,,NYK,W (+11),1,45:00,6,14,0.429,1,2,0.5,0,0,,6,14,20,2,1,1,2,4,13,13.5,
484,80,80,1992-04-14,30-337,DET,@,MIL,W (+4),1,51:00,8,12,0.667,2,5,0.4,1,3,0.333,8,10,18,3,1,2,1,1,19,24.7,
485,81,81,1992-04-15,30-338,DET,,BOS,L (-3),1,47:00,6,13,0.462,1,4,0.25,1,1,1.0,4,14,18,5,1,0,1,5,14,15.8,
486,82,82,1992-04-19,30-342,DET,@,CHI,L (-18),1,43:00,4,8,0.5,2,4,0.5,0,0,,3,10,13,2,0,0,0,2,10,11.7,
487,1,1,1992-11-06,31-177,DET,,MIL,L (-5),0,33:00,2,9,0.222,0,3,0.0,0,2,0.0,6,8,14,2,1,0,1,2,4,4.9,
488,2,2,1992-11-07,31-178,DET,@,IND,W (+2),0,25:00,1,4,0.25,0,0,,0,0,,1,7,8,0,0,0,0,3,2,1.2,
489,3,3,1992-11-11,31-182,DET,@,CHI,L (-2),0,35:00,2,2,1.0,0,0,,0,0,,3,7,10,1,0,1,2,3,4,5.8,
490,4,4,1992-11-12,31-183,DET,,MIA,W (+7),0,16:00,1,2,0.5,0,1,0.0,0,0,,1,3,4,2,0,0,4,1,2,-0.4,
491,5,5,1992-11-25,31-196,DET,,CHH,L (-4),0,33:00,2,6,0.333,0,1,0.0,0,2,0.0,5,15,20,2,0,0,2,5,4,5.2,
492,6,6,1992-11-28,31-199,DET,@,MIN,L (-2),1,42:00,1,3,0.333,0,1,0.0,0,2,0.0,4,20,24,2,1,0,2,5,2,6.7,
493,7,7,1992-11-29,31-200,DET,,NYK,W (+16),1,38:00,2,7,0.286,1,3,0.333,1,2,0.5,7,13,20,0,0,0,2,4,6,6.7,
494,8,8,1992-12-04,31-205,DET,@,PHI,W (+2),1,38:00,2,6,0.333,0,0,,1,4,0.25,9,14,23,3,1,0,1,3,5,11.8,
495,9,9,1992-12-05,31-206,DET,,PHI,W (+24),1,38:00,3,5,0.6,0,2,0.0,1,2,0.5,2,18,20,3,1,2,3,1,7,12.2,
496,10,10,1992-12-09,31-210,DET,,ORL,W (+5),1,45:00,3,6,0.5,3,4,0.75,1,4,0.25,7,15,22,2,1,1,4,2,10,13.5,
497,11,11,1992-12-11,31-212,DET,,CLE,W (+4),1,43:00,1,4,0.25,0,2,0.0,1,2,0.5,6,15,21,1,3,0,0,3,3,11.4,
498,12,12,1992-12-12,31-213,DET,@,NYK,L (-7),1,42:00,1,4,0.25,0,2,0.0,2,2,1.0,8,8,16,3,2,1,2,4,4,10.8,
499,13,13,1992-12-15,31-216,DET,@,ATL,W (+13),1,45:00,2,4,0.5,2,3,0.667,0,0,,6,15,21,2,1,1,1,2,6,14.0,
500,14,14,1992-12-16,31-217,DET,,ATL,W (+1),1,47:00,2,6,0.333,1,2,0.5,1,3,0.333,7,14,21,2,0,2,1,3,6,11.5,
501,15,15,1992-12-18,31-219,DET,,IND,W (+16),1,41:00,3,5,0.6,0,1,0.0,0,0,,3,13,16,1,2,0,1,3,6,10.2,
502,16,16,1992-12-19,31-220,DET,@,MIL,W (+13),1,44:00,2,5,0.4,0,0,,0,0,,10,12,22,2,2,1,4,4,4,10.4,
503,17,17,1992-12-22,31-223,DET,,HOU,W (+14),1,44:00,3,4,0.75,0,0,,4,7,0.571,4,14,18,1,1,0,1,3,10,13.7,
504,18,18,1992-12-23,31-224,DET,@,CHH,L (-12),1,45:00,6,9,0.667,0,0,,0,3,0.0,9,18,27,5,2,1,2,1,12,22.4,
505,19,19,1992-12-26,31-227,DET,@,WSB,W (+2),1,44:00,1,3,0.333,0,0,,3,4,0.75,7,15,22,0,4,2,2,3,5,14.5,
506,20,20,1992-12-28,31-229,DET,@,CLE,L (-9),1,46:00,2,4,0.5,0,0,,0,0,,7,11,18,2,1,2,0,4,4,12.4,
507,21,21,1992-12-30,31-231,DET,,WSB,W (+8),1,44:00,5,7,0.714,0,1,0.0,0,2,0.0,7,16,23,3,0,2,4,3,10,14.3,
508,22,22,1993-01-02,31-234,DET,@,ORL,W (+1),1,44:00,2,3,0.667,0,0,,6,11,0.545,3,13,16,2,1,1,4,4,10,10.2,
509,23,23,1993-01-05,31-237,DET,@,MIA,L (-6),1,48:00,1,3,0.333,0,1,0.0,1,2,0.5,3,21,24,1,1,0,1,5,3,8.0,
510,24,24,1993-01-06,31-238,DET,,LAC,W (+7),1,44:00,4,6,0.667,1,2,0.5,1,2,0.5,9,14,23,4,0,2,1,5,10,18.7,
511,25,25,1993-01-08,31-240,DET,,ATL,L (-9),1,45:00,2,7,0.286,0,1,0.0,0,0,,8,18,26,1,0,1,1,4,4,9.7,
512,26,26,1993-01-09,31-241,DET,,GSW,L (-4),1,37:00,4,9,0.444,1,1,1.0,3,6,0.5,10,16,26,0,0,0,1,5,12,14.9,
513,27,27,1993-01-11,31-243,DET,,SAS,L (-18),1,42:00,2,6,0.333,0,0,,0,0,,10,16,26,0,3,0,3,5,4,10.4,
514,28,28,1993-01-13,31-245,DET,,DAL,W (+16),1,36:00,2,8,0.25,0,4,0.0,0,0,,4,14,18,1,0,1,1,1,4,6.2,
515,29,29,1993-01-14,31-246,DET,@,ATL,L (-17),1,18:00,3,4,0.75,0,1,0.0,0,0,,3,8,11,0,1,0,0,2,6,9.1,
516,30,30,1993-02-16,31-279,DET,,ORL,W (+4),0,29:00,2,4,0.5,0,0,,4,4,1.0,7,5,12,2,0,0,0,4,8,12.2,
517,31,31,1993-02-17,31-280,DET,@,MIA,L (-4),0,36:00,3,7,0.429,0,1,0.0,4,6,0.667,9,8,17,3,1,0,3,3,10,13.1,
518,32,32,1993-02-23,31-286,DET,,PHI,W (+12),1,43:00,2,8,0.25,0,3,0.0,2,2,1.0,7,18,25,1,1,0,5,3,6,7.0,
519,33,33,1993-02-26,31-289,DET,,NYK,W (+28),1,35:00,4,9,0.444,1,2,0.5,0,2,0.0,2,10,12,0,1,0,1,2,9,7.1,
520,34,34,1993-02-27,31-290,DET,,MIL,L (-2),1,37:00,4,9,0.444,1,3,0.333,2,3,0.667,3,11,14,4,0,2,1,3,11,13.3,
521,35,35,1993-03-01,31-292,DET,,BOS,W (+4),1,39:00,2,4,0.5,0,0,,3,5,0.6,4,15,19,1,0,1,2,3,7,9.7,
522,36,36,1993-03-03,31-294,DET,,UTA,L (-8),1,44:00,3,10,0.3,2,5,0.4,2,4,0.5,11,12,23,0,0,1,3,4,10,10.8,
523,37,37,1993-03-05,31-296,DET,@,BOS,L (-4),1,45:00,3,7,0.429,0,1,0.0,0,0,,7,12,19,2,0,0,2,3,6,9.0,
524,38,38,1993-03-07,31-298,DET,@,MIL,W (+7),1,43:00,2,4,0.5,0,1,0.0,3,4,0.75,8,17,25,2,1,2,0,3,7,17.9,
525,39,39,1993-03-09,31-300,DET,,LAL,L (-2),1,42:00,2,5,0.4,0,1,0.0,2,2,1.0,3,11,14,4,1,0,1,5,6,9.5,
526,40,40,1993-03-14,31-305,DET,,CHI,W (+2),1,38:00,2,4,0.5,0,0,,0,0,,1,10,11,0,2,1,0,4,4,6.8,
527,41,41,1993-03-16,31-307,DET,@,SAC,W (+3),1,39:00,4,10,0.4,0,0,,3,6,0.5,7,15,22,0,0,0,5,3,11,7.6,
528,42,42,1993-03-17,31-308,DET,@,UTA,L (-24),1,30:00,5,12,0.417,0,1,0.0,2,2,1.0,4,9,13,1,1,1,0,1,12,13.1,
529,43,43,1993-03-19,31-310,DET,@,PHO,L (-30),1,39:00,5,10,0.5,0,0,,0,0,,5,8,13,1,0,5,0,2,10,14.3,
530,44,44,1993-03-21,31-312,DET,@,LAL,W (+5),1,42:00,4,12,0.333,0,0,,1,2,0.5,8,13,21,1,0,1,1,5,9,9.7,
531,45,45,1993-03-22,31-313,DET,@,GSW,L (-5),1,27:00,3,4,0.75,0,0,,0,1,0.0,4,6,10,3,1,1,2,3,6,9.2,
532,46,46,1993-03-26,31-317,DET,,CHH,W (+8),1,42:00,7,17,0.412,0,1,0.0,4,5,0.8,11,14,25,4,0,2,2,3,18,21.4,
533,47,47,1993-03-28,31-319,DET,,CLE,W (+13),1,40:00,2,9,0.222,0,1,0.0,0,0,,6,15,21,1,0,0,1,2,4,6.1,
534,48,48,1993-03-30,31-321,DET,@,ORL,L (-14),1,42:00,1,5,0.2,0,0,,2,4,0.5,6,11,17,2,1,0,1,4,4,7.4,
535,49,49,1993-03-31,31-322,DET,,POR,W (+9),1,37:00,6,17,0.353,1,4,0.25,4,10,0.4,7,10,17,0,0,1,2,4,17,10.1,
536,50,50,1993-04-02,31-324,DET,,SAC,W (+9),1,45:00,3,8,0.375,0,1,0.0,0,0,,5,19,24,4,0,1,2,4,6,10.7,
537,51,51,1993-04-06,31-328,DET,,WSB,W (+12),1,41:00,3,8,0.375,1,4,0.25,0,0,,7,17,24,1,1,1,3,4,7,10.4,
538,52,52,1993-04-08,31-330,DET,@,NJN,W (+2),1,42:00,6,11,0.545,0,0,,1,4,0.25,6,11,17,1,2,0,2,4,13,13.1,
539,53,53,1993-04-09,31-331,DET,@,BOS,W (+15),1,34:00,2,5,0.4,0,0,,3,4,0.75,5,9,14,0,1,1,0,3,7,10.6,
540,54,54,1993-04-11,31-333,DET,@,WSB,W (+12),1,40:00,7,12,0.583,0,0,,0,1,0.0,5,12,17,1,1,0,0,3,14,15.6,
541,55,55,1993-04-12,31-334,DET,,CHI,L (-3),1,46:00,4,11,0.364,0,2,0.0,3,4,0.75,10,8,18,2,0,0,3,4,11,10.7,
542,56,56,1993-04-14,31-336,DET,,ATL,W (+3),1,47:00,3,9,0.333,0,1,0.0,0,0,,7,15,22,4,0,1,1,2,6,12.0,
543,57,57,1993-04-16,31-338,DET,@,CHH,L (-34),1,26:00,1,5,0.2,0,0,,4,4,1.0,5,4,9,2,0,0,1,4,6,6.4,
544,58,58,1993-04-17,31-339,DET,@,NYK,L (-10),1,48:00,6,14,0.429,0,2,0.0,2,4,0.5,8,11,19,1,2,0,4,5,14,11.4,
545,59,59,1993-04-20,31-342,DET,@,CLE,L (-24),1,36:00,7,11,0.636,0,0,,3,5,0.6,9,9,18,1,1,1,2,3,17,19.5,
546,60,60,1993-04-22,31-344,DET,@,CHI,L (-6),1,49:00,3,9,0.333,0,2,0.0,4,6,0.667,10,14,24,1,0,1,1,4,10,14.1,
547,61,61,1993-04-23,31-345,DET,,IND,W (+5),1,35:00,5,8,0.625,0,1,0.0,3,7,0.429,1,14,15,3,1,0,1,4,13,13.2,
548,62,62,1993-04-25,31-347,DET,,NJN,W (+6),1,10:00,0,0,,0,0,,0,0,,0,1,1,1,0,0,0,0,0,1.0,
549,1,1,1993-11-05,32-176,SAS,,GSW,W (+6),0,35:00,2,2,1.0,0,0,,1,4,0.25,5,16,21,2,0,1,1,5,5,10.6,
550,2,2,1993-11-07,32-178,SAS,,NJN,L (-26),0,26:00,1,2,0.5,0,1,0.0,1,2,0.5,3,5,8,0,0,0,1,5,3,2.2,
551,3,3,1993-11-09,32-180,SAS,,MIN,W (+15),1,47:00,5,5,1.0,0,0,,3,3,1.0,11,18,29,4,0,1,2,5,13,24.1,
552,4,4,1993-11-10,32-181,SAS,@,PHO,L (-8),1,48:00,0,1,0.0,0,0,,0,0,,7,18,25,2,0,1,2,3,0,8.5,
553,5,5,1993-11-12,32-183,SAS,@,SAC,L (-2),1,43:00,0,1,0.0,0,0,,0,2,0.0,11,13,24,3,1,0,1,3,0,11.0,
554,6,6,1993-11-13,32-184,SAS,@,LAC,L (-2),1,35:00,3,6,0.5,0,0,,0,0,,5,8,13,1,0,2,1,3,6,8.8,
555,7,7,1993-11-16,32-187,SAS,@,DEN,W (+12),1,44:00,1,1,1.0,0,0,,2,4,0.5,5,18,23,2,2,0,4,2,4,10.4,
556,8,8,1993-11-17,32-188,SAS,,NYK,W (+5),1,48:00,5,12,0.417,0,0,,3,5,0.6,12,8,20,0,1,1,3,3,13,14.1,
557,9,9,1993-11-19,32-190,SAS,@,DET,L (-9),1,46:00,3,4,0.75,0,0,,2,4,0.5,6,8,14,2,1,1,3,3,8,11.1,
558,10,10,1993-11-20,32-191,SAS,@,MIL,W (+4),1,40:00,1,1,1.0,0,0,,2,5,0.4,4,12,16,2,1,0,3,3,4,7.1,
559,11,11,1993-11-22,32-193,SAS,,LAC,W (+12),1,45:00,2,5,0.4,0,0,,0,0,,8,14,22,3,2,0,1,3,4,13.0,
560,12,12,1993-11-24,32-195,SAS,,CHI,W (+25),1,33:00,4,5,0.8,0,0,,1,3,0.333,3,18,21,0,0,0,2,1,9,11.4,
561,13,13,1993-11-27,32-198,SAS,,DAL,W (+24),1,33:00,0,1,0.0,0,0,,1,4,0.25,5,15,20,1,0,0,2,2,1,5.0,
562,14,14,1993-11-29,32-200,SAS,,MIL,W (+7),1,38:00,1,2,0.5,0,0,,0,0,,4,15,19,5,1,0,0,4,2,11.2,
563,15,15,1993-12-01,32-202,SAS,@,CHH,W (+4),1,45:00,0,5,0.0,0,1,0.0,0,0,,10,18,28,3,0,0,4,4,0,5.4,
564,16,16,1993-12-03,32-204,SAS,@,ORL,W (+10),1,39:00,2,6,0.333,0,0,,0,0,,8,15,23,4,1,1,0,4,4,13.6,
565,17,17,1993-12-04,32-205,SAS,@,PHI,W (+8),1,35:00,1,2,0.5,0,0,,0,0,,3,11,14,5,1,0,3,3,2,6.7,
566,18,18,1993-12-08,32-209,SAS,,SEA,L (-2),1,45:00,4,6,0.667,0,0,,0,2,0.0,4,9,13,4,0,0,3,4,8,8.3,
567,19,19,1993-12-09,32-210,SAS,@,ATL,L (-10),1,35:00,3,5,0.6,0,1,0.0,0,0,,7,7,14,0,1,0,0,4,6,10.1,
568,20,20,1993-12-11,32-212,SAS,,DEN,W (+5),1,36:00,0,2,0.0,0,0,,0,0,,5,4,9,3,0,0,1,1,0,4.0,
569,21,21,1993-12-13,32-214,SAS,@,UTA,L (-15),1,43:00,0,4,0.0,0,0,,0,0,,7,13,20,0,0,0,1,4,0,3.4,
570,22,22,1993-12-15,32-216,SAS,,POR,W (+20),1,37:00,1,2,0.5,0,0,,0,0,,3,9,12,1,1,0,1,3,2,5.3,
571,23,23,1993-12-16,32-217,SAS,@,DAL,W (+14),1,39:00,3,5,0.6,0,0,,0,0,,7,11,18,1,0,0,2,3,6,9.4,
572,24,24,1993-12-18,32-219,SAS,@,CHI,L (-12),1,24:00,1,3,0.333,0,0,,1,2,0.5,5,4,9,0,1,0,0,1,3,6.2,
573,25,25,1993-12-23,32-224,SAS,,UTA,L (-8),1,34:00,0,2,0.0,0,0,,1,2,0.5,3,10,13,2,0,0,1,5,1,2.7,
574,26,26,1993-12-26,32-227,SAS,,BOS,W (+14),0,35:00,0,1,0.0,0,1,0.0,0,0,,3,13,16,1,0,1,1,3,0,4.5,
575,27,27,1993-12-28,32-229,SAS,@,MIA,W (+8),0,38:00,2,5,0.4,0,0,,0,0,,5,10,15,1,1,0,3,5,4,4.5,
576,28,28,1993-12-30,32-231,SAS,@,IND,W (+25),0,34:00,3,5,0.6,0,0,,0,0,,9,10,19,6,0,0,1,4,6,14.6,
577,29,29,1994-01-02,32-234,SAS,,LAL,W (+2),0,26:00,0,0,,0,0,,0,0,,3,9,12,1,0,0,2,2,0,2.7,
578,30,30,1994-01-04,32-236,SAS,,PHI,W (+23),0,30:00,0,0,,0,0,,0,0,,4,14,18,4,0,0,2,3,0,6.6,
579,31,31,1994-01-06,32-238,SAS,@,GSW,L (-4),0,39:00,1,5,0.2,0,0,,0,0,,10,13,23,5,3,1,3,4,2,12.4,
580,32,32,1994-01-07,32-239,SAS,@,DEN,W (+8),0,35:00,3,4,0.75,0,0,,0,0,,2,8,10,1,2,0,1,4,6,8.3,
581,33,33,1994-01-09,32-241,SAS,@,LAL,W (+6),0,33:00,0,0,,0,0,,0,0,,2,14,16,4,1,1,6,3,0,2.9,
582,34,34,1994-01-11,32-243,SAS,,MIN,W (+10),0,30:00,1,2,0.5,0,0,,1,3,0.333,4,9,13,3,0,0,3,2,3,5.0,
583,35,35,1994-01-13,32-245,SAS,,PHO,W (+19),0,33:00,4,6,0.667,0,1,0.0,1,2,0.5,3,11,14,0,2,0,0,4,9,11.8,
584,36,36,1994-01-15,32-247,SAS,@,DAL,W (+17),0,38:00,1,2,0.5,0,0,,1,2,0.5,6,13,19,4,0,0,3,1,3,9.1,
585,37,37,1994-01-17,32-249,SAS,@,WSB,W (+13),1,47:00,1,1,1.0,0,0,,0,0,,5,14,19,4,0,2,1,5,2,10.6,
586,38,38,1994-01-19,32-251,SAS,@,NYK,L (-12),1,48:00,2,3,0.667,0,0,,0,0,,6,14,20,5,1,3,2,4,4,14.1,
587,39,39,1994-01-20,32-252,SAS,@,MIN,L (-10),0,39:00,2,3,0.667,0,0,,1,2,0.5,9,7,16,0,0,0,0,1,5,11.3,
588,40,40,1994-01-22,32-254,SAS,,DAL,W (+20),1,43:00,4,8,0.5,0,0,,0,0,,9,23,32,5,1,1,2,1,8,20.0,
589,41,41,1994-01-25,32-257,SAS,,SAC,W (+16),0,36:00,0,0,,0,0,,0,0,,3,17,20,1,1,1,2,2,0,6.8,
590,42,42,1994-01-29,32-261,SAS,,ATL,W (+13),0,31:00,2,3,0.667,0,0,,0,0,,5,8,13,0,1,0,1,0,4,8.6,
591,43,43,1994-02-01,32-264,SAS,,LAL,W (+15),0,31:00,1,4,0.25,0,0,,0,0,,5,11,16,3,0,0,1,1,2,7.1,
592,44,44,1994-02-03,32-266,SAS,@,CLE,W (+1),0,37:00,2,3,0.667,0,0,,2,4,0.5,7,13,20,3,0,1,6,4,6,7.9,
593,45,45,1994-02-04,32-267,SAS,@,BOS,W (+9),0,32:00,1,5,0.2,0,1,0.0,2,2,1.0,7,6,13,0,1,0,2,2,4,5.8,
594,46,46,1994-02-06,32-269,SAS,@,NJN,W (+2),0,38:00,2,2,1.0,0,0,,1,2,0.5,7,13,20,2,0,0,0,3,5,13.0,
595,47,47,1994-02-08,32-271,SAS,,WSB,W (+20),0,36:00,2,2,1.0,0,0,,0,2,0.0,5,7,12,1,1,1,1,1,4,9.2,
596,48,48,1994-02-10,32-273,SAS,,DEN,W (+7),0,34:00,3,5,0.6,0,0,,0,2,0.0,8,12,20,2,0,0,3,4,6,8.9,
597,49,49,1994-02-15,32-278,SAS,,IND,W (+9),0,36:00,0,1,0.0,0,0,,2,2,1.0,4,15,19,3,0,0,0,3,2,9.5,
598,50,50,1994-02-17,32-280,SAS,,DET,W (+19),1,42:00,0,1,0.0,0,0,,1,2,0.5,4,18,22,5,1,0,1,4,1,10.0,
599,51,51,1994-02-19,32-282,SAS,,MIA,W (+4),1,46:00,4,5,0.8,1,1,1.0,4,6,0.667,10,16,26,3,1,2,3,4,13,22.0,
600,52,52,1994-02-21,32-284,SAS,@,MIN,W (+25),1,47:00,3,3,1.0,0,0,,0,0,,5,15,20,4,0,0,1,2,6,14.1,
601,53,53,1994-02-23,32-286,SAS,@,UTA,L (-4),1,56:00,5,6,0.833,0,0,,0,0,,7,9,16,1,0,0,1,5,10,13.1,
602,54,54,1994-02-25,32-288,SAS,@,LAL,W (+16),1,38:00,2,3,0.667,0,0,,0,0,,4,14,18,4,0,1,2,1,4,10.8,
603,55,55,1994-02-26,32-289,SAS,@,POR,L (-8),1,48:00,2,4,0.5,0,0,,0,0,,8,10,18,1,0,0,1,5,4,8.3,
604,56,56,1994-03-02,32-293,SAS,,UTA,L (-10),1,45:00,0,2,0.0,0,0,,0,0,,5,8,13,0,2,0,2,5,0,2.5,
605,57,57,1994-03-06,32-297,SAS,,ORL,W (+8),0,27:00,3,5,0.6,0,0,,0,0,,5,5,10,0,0,0,2,2,6,5.9,
606,58,58,1994-03-08,32-299,SAS,,HOU,W (+16),0,22:00,3,6,0.5,0,1,0.0,0,0,,6,8,14,6,0,0,0,0,6,13.8,
607,59,59,1994-03-11,32-302,SAS,,SEA,L (-1),0,26:00,2,3,0.667,0,0,,0,0,,3,5,8,3,0,0,2,4,4,4.8,
608,60,60,1994-03-14,32-305,SAS,@,DEN,L (-28),0,24:00,3,4,0.75,0,0,,0,0,,4,5,9,0,0,1,0,0,6,9.4,
609,61,61,1994-03-16,32-307,SAS,,POR,W (+8),1,45:00,4,6,0.667,0,0,,6,8,0.75,5,14,19,1,2,1,2,3,14,18.5,
610,62,62,1994-03-19,32-310,SAS,,SAC,W (+7),1,40:00,1,3,0.333,0,1,0.0,3,4,0.75,4,8,12,2,1,1,1,3,5,9.0,
611,63,63,1994-03-22,32-313,SAS,@,SEA,L (-16),1,43:00,2,3,0.667,0,0,,0,0,,5,11,16,1,1,0,1,2,4,9.4,
612,64,64,1994-03-24,32-315,SAS,@,SAC,W (+16),1,44:00,4,4,1.0,0,0,,1,1,1.0,3,15,18,4,0,0,4,5,9,11.2,
613,65,65,1994-03-26,32-317,SAS,@,GSW,W (+11),1,34:00,5,8,0.625,0,0,,2,4,0.5,10,15,25,4,2,0,1,3,12,21.7,
614,66,66,1994-03-27,32-318,SAS,@,POR,W (+12),1,40:00,4,6,0.667,0,1,0.0,0,0,,7,9,16,4,1,0,3,5,8,11.8,
615,67,67,1994-03-29,32-320,SAS,@,DAL,W (+25),1,36:00,1,2,0.5,0,0,,0,0,,4,16,20,1,0,0,1,2,2,7.5,
616,68,68,1994-03-31,32-322,SAS,,CLE,W (+16),1,36:00,2,4,0.5,0,0,,2,4,0.5,9,6,15,1,0,0,2,2,6,9.2,
617,69,69,1994-04-02,32-324,SAS,,CHH,W (+6),1,34:00,0,2,0.0,0,0,,0,0,,4,16,20,8,0,0,3,0,0,8.8,
618,70,70,1994-04-05,32-327,SAS,,GSW,L (-5),0,36:00,2,2,1.0,0,0,,1,2,0.5,7,12,19,3,2,0,1,2,5,14.8,
619,71,71,1994-04-06,32-328,SAS,@,PHO,L (-12),1,36:00,1,1,1.0,0,0,,0,0,,3,10,13,1,2,0,1,3,2,7.3,
620,72,72,1994-04-09,32-331,SAS,@,HOU,L (-11),1,38:00,3,6,0.5,0,1,0.0,1,2,0.5,5,11,16,0,0,1,0,5,7,9.1,
621,73,73,1994-04-11,32-333,SAS,,MIN,W (+12),1,34:00,0,3,0.0,0,2,0.0,0,0,,4,12,16,4,1,0,2,2,0,5.3,
622,74,74,1994-04-13,32-335,SAS,,DEN,L (-5),1,43:00,3,6,0.5,1,2,0.5,0,0,,7,11,18,2,3,0,4,0,7,12.6,
623,75,75,1994-04-14,32-336,SAS,@,UTA,L (-11),1,36:00,3,8,0.375,1,5,0.2,0,0,,4,6,10,2,0,0,0,2,7,7.8,
624,76,76,1994-04-16,32-338,SAS,,PHO,L (-2),1,44:00,3,8,0.375,1,2,0.5,0,0,,8,13,21,3,1,2,1,3,7,14.4,
625,77,77,1994-04-19,32-341,SAS,,HOU,W (+10),1,35:00,5,7,0.714,1,2,0.5,0,0,,9,12,21,2,1,1,4,4,11,15.5,
626,78,78,1994-04-22,32-344,SAS,@,SEA,L (-7),1,46:00,2,6,0.333,0,0,,3,4,0.75,9,9,18,2,1,1,2,3,7,12.1,
627,79,79,1994-04-24,32-346,SAS,@,LAC,W (+15),1,36:00,4,5,0.8,0,0,,0,0,,3,14,17,3,1,1,2,1,8,13.8,
628,1,1,1994-12-12,33-213,SAS,,WSB,W (+21),0,27:00,3,5,0.6,0,1,0.0,0,0,,1,4,5,3,1,2,5,2,6,4.3,
629,2,2,1994-12-14,33-215,SAS,,BOS,W (+12),0,25:00,3,4,0.75,0,0,,0,0,,4,7,11,3,1,1,2,2,6,10.3,
630,3,3,1994-12-17,33-218,SAS,,LAL,W (+14),0,37:00,7,11,0.636,0,0,,0,0,,9,10,19,6,0,1,5,4,14,16.7,
631,4,4,1994-12-21,33-222,SAS,@,DEN,W (+14),0,30:00,4,5,0.8,0,0,,0,0,,3,11,14,2,0,0,2,5,8,8.9,
632,5,5,1994-12-23,33-224,SAS,,HOU,W (+2),0,15:00,0,1,0.0,0,0,,0,0,,1,5,6,0,0,1,0,1,0,1.8,
633,6,6,1994-12-27,33-228,SAS,,CHH,W (+11),0,33:00,4,7,0.571,0,0,,1,4,0.25,7,13,20,3,0,0,3,5,9,10.4,
634,7,7,1994-12-29,33-230,SAS,@,ATL,L (-6),0,17:00,0,1,0.0,0,0,,0,0,,0,7,7,1,1,0,2,2,0,0.3,
635,8,8,1994-12-30,33-231,SAS,@,WSB,W (+14),0,32:00,0,0,,0,0,,1,2,0.5,1,9,10,1,1,1,1,4,1,3.8,
636,9,9,1995-01-03,33-235,SAS,@,GSW,W (+5),0,32:00,2,4,0.5,0,0,,0,0,,4,15,19,0,2,0,1,1,4,9.9,
637,10,10,1995-01-05,33-237,SAS,@,UTA,W (+1),0,33:00,1,2,0.5,0,0,,2,2,1.0,4,14,18,1,0,0,2,5,4,6.7,
638,11,11,1995-01-07,33-239,SAS,@,LAC,W (+15),0,33:00,1,4,0.25,0,0,,1,2,0.5,5,17,22,1,1,0,3,3,3,6.3,
639,12,12,1995-01-10,33-242,SAS,,LAC,W (+11),0,32:00,4,6,0.667,0,0,,2,3,0.667,5,16,21,2,0,0,2,5,10,12.7,
640,13,13,1995-01-12,33-244,SAS,,MIA,W (+5),0,34:00,4,7,0.571,0,0,,3,4,0.75,7,15,22,5,2,0,1,4,11,19.6,
641,14,14,1995-01-13,33-245,SAS,@,HOU,L (-3),0,16:00,1,2,0.5,0,1,0.0,1,2,0.5,2,3,5,1,2,0,1,2,3,4.8,
642,15,15,1995-01-15,33-247,SAS,,DAL,L (-5),0,28:00,2,2,1.0,0,0,,1,4,0.25,5,3,8,0,0,0,1,5,5,4.6,
643,16,16,1995-01-17,33-249,SAS,@,BOS,W (+9),0,34:00,3,3,1.0,0,0,,1,2,0.5,3,15,18,2,0,0,1,4,7,11.1,
644,17,17,1995-01-18,33-250,SAS,@,CHH,L (-1),0,33:00,1,2,0.5,0,0,,1,2,0.5,3,7,10,2,0,0,0,3,3,6.0,
645,18,18,1995-01-22,33-254,SAS,@,IND,L (-5),0,35:00,5,9,0.556,0,0,,1,2,0.5,14,11,25,2,1,1,0,3,11,21.3,
646,19,19,1995-01-24,33-256,SAS,@,CHI,W (+2),1,44:00,6,13,0.462,0,0,,0,0,,14,9,23,3,1,3,3,5,12,18.0,
647,20,20,1995-01-26,33-258,SAS,,HOU,W (+3),1,40:00,5,6,0.833,0,0,,1,2,0.5,9,13,22,0,0,1,3,2,11,15.5,
648,21,21,1995-01-28,33-260,SAS,,DEN,W (+26),1,42:00,3,7,0.429,0,0,,3,4,0.75,6,11,17,1,1,0,5,2,9,8.3,
649,22,22,1995-01-31,33-263,SAS,@,SAC,W (+1),1,37:00,3,4,0.75,0,0,,0,2,0.0,8,11,19,0,0,0,1,2,6,10.7,
650,23,23,1995-02-01,33-264,SAS,@,POR,W (+4),1,38:00,4,6,0.667,0,0,,2,2,1.0,5,14,19,3,0,0,1,4,10,14.6,
651,24,24,1995-02-03,33-266,SAS,@,DAL,W (+11),1,28:00,1,4,0.25,0,0,,0,0,,8,12,20,3,0,1,1,0,2,10.6,
652,25,25,1995-02-04,33-267,SAS,,SAC,W (+1),1,36:00,2,6,0.333,0,0,,2,4,0.5,7,15,22,2,1,2,3,3,6,10.8,
653,26,26,1995-02-07,33-270,SAS,@,SEA,W (+3),1,39:00,3,8,0.375,0,0,,7,8,0.875,11,16,27,3,0,0,4,3,13,17.6,
654,27,27,1995-02-08,33-271,SAS,@,LAL,L (-16),1,30:00,6,10,0.6,0,0,,0,0,,7,3,10,0,0,0,1,5,12,10.2,
655,28,28,1995-02-14,33-277,SAS,,UTA,W (+16),1,31:00,3,3,1.0,0,0,,0,0,,2,7,9,1,0,1,4,4,6,4.4,
656,29,29,1995-02-16,33-279,SAS,@,UTA,L (-7),1,33:00,3,5,0.6,0,0,,7,10,0.7,8,12,20,2,0,0,2,4,13,16.5,
657,30,30,1995-02-18,33-281,SAS,,ATL,W (+14),1,30:00,2,6,0.333,0,0,,2,2,1.0,5,13,18,1,1,0,1,2,6,9.9,
658,31,31,1995-02-21,33-284,SAS,@,HOU,W (+1),1,40:00,2,5,0.4,0,0,,2,2,1.0,11,19,30,0,0,0,2,3,6,13.5,
659,32,32,1995-02-22,33-285,SAS,,PHO,W (+5),1,44:00,3,4,0.75,0,0,,1,2,0.5,5,19,24,3,0,2,1,5,7,14.7,
660,33,33,1995-02-24,33-287,SAS,,DET,W (+17),1,36:00,2,3,0.667,0,0,,2,2,1.0,5,16,21,2,2,0,4,2,6,11.6,
661,34,34,1995-02-26,33-289,SAS,,GSW,W (+30),1,26:00,5,6,0.833,0,0,,3,3,1.0,6,16,22,6,0,0,4,2,13,19.2,
662,35,35,1995-02-28,33-291,SAS,,CLE,W (+17),1,29:00,1,4,0.25,0,0,,2,4,0.5,6,15,21,2,1,0,3,3,4,7.7,
663,36,36,1995-03-03,33-294,SAS,,ORL,W (+1),1,38:00,4,8,0.5,0,0,,1,3,0.333,8,12,20,3,2,0,1,3,9,15.3,
664,37,37,1995-03-05,33-296,SAS,,HOU,W (+21),1,38:00,2,3,0.667,0,0,,1,2,0.5,8,19,27,6,0,0,0,3,5,17.6,
665,38,38,1995-03-07,33-298,SAS,,IND,L (-17),1,37:00,8,9,0.889,0,0,,1,2,0.5,5,9,14,1,2,2,2,3,17,20.6,
666,39,39,1995-03-09,33-300,SAS,@,CLE,W (+2),1,36:00,1,2,0.5,0,0,,2,2,1.0,5,5,10,1,0,0,3,5,4,3.7,
667,40,40,1995-03-10,33-301,SAS,@,PHI,W (+6),1,39:00,2,5,0.4,0,0,,4,4,1.0,6,16,22,4,1,1,1,3,8,16.6,
668,41,41,1995-03-12,33-303,SAS,@,ORL,L (-6),1,36:00,3,9,0.333,0,0,,5,6,0.833,8,15,23,5,0,0,4,5,11,13.1,
669,42,42,1995-03-14,33-305,SAS,,MIN,W (+15),1,31:00,4,4,1.0,0,0,,3,4,0.75,2,12,14,3,3,0,4,5,11,13.5,
670,43,43,1995-03-18,33-309,SAS,,DAL,W (+10),1,34:00,1,4,0.25,0,0,,2,2,1.0,6,8,14,0,0,0,0,3,4,7.0,
671,44,44,1995-04-14,33-336,SAS,,SAC,W (+10),0,22:00,2,4,0.5,0,0,,2,2,1.0,5,10,15,2,1,0,1,3,6,10.7,
672,45,45,1995-04-16,33-338,SAS,@,DEN,W (+3),0,19:00,0,0,,0,0,,2,2,1.0,2,8,10,0,0,0,1,6,2,2.4,
673,46,46,1995-04-18,33-340,SAS,,DEN,W (+11),0,34:00,2,6,0.333,0,0,,1,2,0.5,1,12,13,2,0,2,0,3,5,7.1,
674,47,47,1995-04-20,33-342,SAS,@,DAL,W (+1),0,9:00,2,2,1.0,0,0,,0,2,0.0,3,1,4,0,0,0,0,2,4,4.2,
675,48,48,1995-04-21,33-343,SAS,,LAC,W (+11),0,29:00,2,4,0.5,0,0,,2,2,1.0,7,10,17,2,0,1,1,2,6,12.2,
676,49,49,1995-04-23,33-345,SAS,@,MIN,W (+6),1,37:00,5,5,1.0,0,0,,0,0,,7,9,16,1,3,0,5,2,10,14.0,
677,1,1,1995-11-03,34-174,CHI,,CHH,W (+14),1,27:00,1,3,0.333,0,0,,0,0,,4,7,11,1,0,0,2,3,2,2.7,
678,2,2,1995-11-04,34-175,CHI,,BOS,W (+22),1,22:00,0,0,,0,0,,0,0,,1,7,8,2,0,0,3,3,0,0.0,
679,3,3,1995-11-07,34-178,CHI,,TOR,W (+9),1,41:00,4,4,1.0,0,0,,3,4,0.75,2,11,13,6,1,0,3,3,11,15.1,
680,4,4,1995-12-06,34-207,CHI,,NYK,W (+7),1,38:00,2,5,0.4,0,0,,2,5,0.4,7,13,20,2,1,0,0,3,6,12.1,
681,5,5,1995-12-08,34-209,CHI,,SAS,W (+19),1,40:00,4,5,0.8,0,0,,0,0,,6,15,21,3,2,0,3,4,8,14.3,
682,6,6,1995-12-09,34-210,CHI,@,MIL,W (+12),1,41:00,2,5,0.4,0,0,,0,0,,8,13,21,4,3,0,1,5,4,13.6,
683,7,7,1995-12-13,34-214,CHI,,ORL,W (+9),1,37:00,3,8,0.375,0,2,0.0,2,2,1.0,9,10,19,2,0,2,4,3,8,10.5,
684,8,8,1995-12-14,34-215,CHI,@,ATL,W (+19),1,28:00,2,3,0.667,0,1,0.0,0,0,,1,9,10,3,0,1,1,2,4,7.1,
685,9,9,1995-12-16,34-217,CHI,,LAL,W (+20),1,36:00,2,5,0.4,0,2,0.0,0,0,,4,11,15,4,1,1,3,1,4,8.5,
686,10,10,1995-12-18,34-219,CHI,@,BOS,W (+9),1,35:00,1,3,0.333,0,0,,3,4,0.75,5,12,17,2,1,0,2,3,5,9.2,
687,11,11,1995-12-19,34-220,CHI,,DAL,W (+13),1,27:00,0,5,0.0,0,1,0.0,1,2,0.5,2,11,13,4,0,1,2,1,1,2.9,
688,12,12,1995-12-22,34-223,CHI,,TOR,W (+9),1,25:00,4,9,0.444,0,0,,0,0,,6,2,8,1,1,1,1,1,8,9.1,
689,13,13,1995-12-23,34-224,CHI,,UTA,W (+14),1,26:00,2,8,0.25,0,0,,1,2,0.5,5,7,12,1,0,0,3,3,5,1.9,
690,14,14,1995-12-26,34-227,CHI,@,IND,L (-6),1,39:00,2,5,0.4,0,0,,1,4,0.25,5,6,11,3,0,0,0,4,5,6.9,
691,15,15,1995-12-29,34-230,CHI,,IND,W (+27),1,31:00,2,4,0.5,0,0,,2,3,0.667,4,12,16,1,0,0,0,2,6,9.9,
692,16,16,1995-12-30,34-231,CHI,,ATL,W (+2),1,33:00,4,12,0.333,0,0,,1,2,0.5,10,11,21,0,2,0,3,1,9,10.7,
693,17,17,1996-01-03,34-235,CHI,,HOU,W (+14),1,33:00,1,4,0.25,0,2,0.0,0,0,,5,10,15,3,1,2,3,2,2,6.8,
694,18,18,1996-01-04,34-236,CHI,@,CHH,W (+24),1,31:00,6,7,0.857,0,0,,0,0,,6,5,11,2,1,0,1,3,12,15.4,
695,19,19,1996-01-06,34-238,CHI,,MIL,W (+29),1,28:00,2,4,0.5,0,0,,1,2,0.5,6,10,16,1,0,0,3,4,5,5.9,
696,20,20,1996-01-10,34-242,CHI,,SEA,W (+26),1,30:00,4,5,0.8,0,0,,0,0,,3,4,7,1,0,0,2,4,8,6.5,
697,21,21,1996-01-13,34-245,CHI,@,PHI,W (+27),1,31:00,2,5,0.4,0,0,,0,0,,4,12,16,3,0,0,1,3,4,7.6,
698,22,22,1996-01-15,34-247,CHI,@,WSB,W (+7),1,36:00,1,1,1.0,0,0,,0,0,,7,8,15,3,0,1,2,4,2,8.2,
699,23,23,1996-01-16,34-248,CHI,,PHI,W (+12),1,34:00,4,8,0.5,1,2,0.5,1,2,0.5,9,12,21,10,0,2,1,2,10,22.1,
700,24,24,1996-01-18,34-250,CHI,@,TOR,W (+3),1,38:00,4,6,0.667,0,0,,0,2,0.0,6,7,13,4,0,2,3,1,8,11.7,
701,25,25,1996-01-21,34-253,CHI,@,DET,W (+15),1,34:00,0,1,0.0,0,0,,2,4,0.5,5,4,9,3,0,0,4,3,2,2.1,
702,26,26,1996-01-23,34-255,CHI,@,NYK,W (+20),1,29:00,2,3,0.667,0,0,,1,2,0.5,4,9,13,2,2,0,4,2,5,7.4,
703,27,27,1996-01-24,34-256,CHI,,VAN,W (+20),1,33:00,1,9,0.111,0,2,0.0,2,2,1.0,6,10,16,3,0,0,3,3,4,3.2,
704,28,28,1996-01-26,34-258,CHI,,MIA,W (+22),1,31:00,2,2,1.0,1,1,1.0,2,4,0.5,5,11,16,5,0,0,2,4,7,12.3,
705,29,29,1996-01-28,34-260,CHI,,PHO,W (+11),1,44:00,1,7,0.143,0,1,0.0,2,2,1.0,9,11,20,5,1,1,4,5,4,8.3,
706,30,30,1996-01-30,34-262,CHI,@,HOU,W (+11),1,31:00,1,1,1.0,0,0,,1,2,0.5,3,7,10,3,1,0,2,4,3,6.0,
707,31,31,1996-02-01,34-264,CHI,@,SAC,W (+20),1,38:00,3,9,0.333,0,0,,0,0,,9,12,21,3,0,0,3,2,6,9.1,
708,32,32,1996-02-02,34-265,CHI,@,LAL,W (+15),1,39:00,5,7,0.714,0,1,0.0,0,0,,6,17,23,3,1,2,0,4,10,19.3,
709,33,33,1996-02-04,34-267,CHI,@,DEN,L (-6),1,36:00,3,5,0.6,0,0,,0,0,,3,9,12,1,3,0,0,3,6,11.0,
710,34,34,1996-02-06,34-269,CHI,@,PHO,L (-10),1,42:00,2,4,0.5,0,0,,2,2,1.0,4,10,14,2,0,2,2,5,6,8.6,
711,35,35,1996-02-07,34-270,CHI,@,GSW,W (+4),1,40:00,3,4,0.75,0,0,,1,2,0.5,9,9,18,4,1,0,2,4,7,14.2,
712,36,36,1996-02-13,34-276,CHI,,WSB,W (+13),1,35:00,2,2,1.0,1,1,1.0,2,2,1.0,3,13,16,3,3,0,2,3,7,14.3,
713,37,37,1996-02-15,34-278,CHI,@,DET,W (+3),1,44:00,4,8,0.5,0,0,,1,4,0.25,14,5,19,1,1,0,3,6,9,11.4,
714,38,38,1996-02-16,34-279,CHI,@,MIN,W (+3),1,42:00,2,3,0.667,0,0,,0,0,,6,13,19,5,2,0,4,5,4,10.3,
715,39,39,1996-02-18,34-281,CHI,@,IND,W (+8),1,43:00,2,3,0.667,0,0,,1,2,0.5,7,16,23,1,1,0,3,3,5,10.5,
716,40,40,1996-02-20,34-283,CHI,,CLE,W (+26),1,34:00,3,7,0.429,0,1,0.0,3,4,0.75,7,8,15,1,0,0,2,1,9,10.5,
717,41,41,1996-02-22,34-285,CHI,@,ATL,W (+5),1,38:00,0,2,0.0,0,0,,2,2,1.0,6,14,20,1,0,1,4,2,2,5.6,
718,42,42,1996-02-23,34-286,CHI,@,MIA,L (-9),1,28:00,2,2,1.0,0,0,,0,0,,4,7,11,0,0,0,2,4,4,4.7,
719,43,43,1996-02-25,34-288,CHI,,ORL,W (+20),1,31:00,3,8,0.375,0,1,0.0,1,1,1.0,9,8,17,1,0,1,1,2,7,10.9,
720,44,44,1996-02-27,34-290,CHI,,MIN,W (+21),1,36:00,4,10,0.4,0,0,,0,1,0.0,10,14,24,2,1,0,3,4,8,11.2,
721,45,45,1996-03-01,34-293,CHI,,GSW,W (+23),1,30:00,3,3,1.0,0,0,,0,1,0.0,5,12,17,2,1,0,3,3,6,10.0,
722,46,46,1996-03-02,34-294,CHI,,BOS,W (+32),1,29:00,3,6,0.5,0,1,0.0,0,0,,6,9,15,0,0,0,4,1,6,5.5,
723,47,47,1996-03-05,34-297,CHI,,MIL,W (+9),1,19:00,1,2,0.5,0,1,0.0,0,0,,0,9,9,3,0,0,2,2,2,3.0,
724,48,48,1996-03-07,34-299,CHI,,DET,W (+21),1,32:00,1,4,0.25,0,2,0.0,1,4,0.25,7,6,13,1,0,1,1,4,3,4.9,
725,49,49,1996-03-10,34-302,CHI,@,NYK,L (-32),1,30:00,1,3,0.333,0,0,,0,0,,4,6,10,2,0,0,0,3,2,5.1,
726,50,50,1996-03-13,34-305,CHI,,WSB,W (+17),1,34:00,1,4,0.25,0,1,0.0,1,6,0.167,6,8,14,4,0,0,2,5,3,4.0,
727,51,51,1996-03-15,34-307,CHI,,DEN,W (+21),1,38:00,4,9,0.444,0,1,0.0,0,0,,8,7,15,6,0,0,3,4,8,10.6,
728,52,52,1996-03-16,34-308,CHI,@,NJN,W (+4),1,10:00,0,0,,0,0,,0,0,,0,4,4,3,0,0,2,1,0,0.9,
729,53,53,1996-04-02,34-325,CHI,@,MIA,W (+18),0,24:00,4,5,0.8,0,0,,0,0,,6,7,13,2,0,0,2,3,8,10.6,
730,54,54,1996-04-04,34-327,CHI,,MIA,W (+8),0,29:00,2,6,0.333,0,0,,0,0,,6,6,12,1,1,0,2,3,4,5.1,
731,55,55,1996-04-05,34-328,CHI,@,CHH,W (+34),0,29:00,2,5,0.4,0,0,,1,2,0.5,7,10,17,2,0,0,3,4,5,6.6,
732,56,56,1996-04-07,34-330,CHI,@,ORL,W (+4),0,33:00,1,2,0.5,0,0,,1,2,0.5,5,8,13,0,1,2,2,3,3,6.7,
733,57,57,1996-04-08,34-331,CHI,,CHH,L (-1),0,30:00,1,5,0.2,0,0,,0,4,0.0,9,8,17,1,0,0,2,4,2,3.1,
734,58,58,1996-04-11,34-334,CHI,@,NJN,W (+13),1,30:00,3,3,1.0,0,0,,0,1,0.0,4,8,12,1,2,2,1,3,6,11.8,
735,59,59,1996-04-12,34-335,CHI,,PHI,W (+30),1,37:00,4,7,0.571,0,2,0.0,2,2,1.0,6,10,16,4,0,1,2,2,10,14.6,
736,60,60,1996-04-14,34-337,CHI,@,CLE,W (+26),0,26:00,0,1,0.0,0,0,,3,4,0.75,2,4,6,2,0,0,2,3,3,2.7,
737,61,61,1996-04-16,34-339,CHI,@,MIL,W (+6),0,41:00,3,6,0.5,0,0,,1,4,0.25,7,12,19,4,0,0,1,3,7,11.9,
738,62,62,1996-04-18,34-341,CHI,,DET,W (+31),1,22:00,3,6,0.5,0,1,0.0,3,4,0.75,6,12,18,3,0,1,2,4,9,12.6,
739,63,63,1996-04-20,34-343,CHI,,IND,L (-1),1,26:00,3,4,0.75,0,0,,0,0,,7,8,15,3,0,0,4,3,6,8.6,
740,64,64,1996-04-21,34-344,CHI,@,WSB,W (+10),1,24:00,2,2,1.0,0,0,,2,2,1.0,1,10,11,1,0,0,1,4,6,7.2,
741,1,1,1996-11-01,35-172,CHI,@,BOS,W (+9),1,39:32,6,8,0.75,0,0,,1,1,1.0,2,11,13,3,1,2,1,3,13,16.8,11.0
742,2,2,1996-11-02,35-173,CHI,,PHI,W (+29),1,23:48,1,5,0.2,0,0,,0,0,,3,9,12,3,0,0,2,3,2,2.6,12.0
743,3,3,1996-11-05,35-176,CHI,,VAN,W (+23),1,35:59,6,11,0.545,0,1,0.0,1,2,0.5,8,11,19,3,0,0,2,1,13,15.9,24.0
744,4,4,1996-11-06,35-177,CHI,@,MIA,W (+6),1,41:20,0,3,0.0,0,0,,2,4,0.5,9,13,22,4,1,0,2,4,2,9.5,16.0
745,5,5,1996-11-08,35-179,CHI,@,DET,W (+18),1,39:33,3,5,0.6,0,0,,0,0,,4,16,20,3,0,0,1,3,6,11.2,25.0
746,6,6,1996-11-09,35-180,CHI,,BOS,W (+12),1,29:25,1,3,0.333,0,0,,1,2,0.5,5,5,10,3,1,0,4,4,3,3.4,10.0
747,7,7,1996-11-11,35-182,CHI,,PHO,W (+18),1,37:25,3,6,0.5,0,0,,1,2,0.5,6,16,22,4,0,0,2,2,7,12.6,23.0
748,8,8,1996-11-13,35-184,CHI,,MIA,W (+32),1,30:23,0,3,0.0,0,0,,2,2,1.0,5,14,19,2,0,1,1,1,2,8.3,26.0
749,9,9,1996-11-15,35-186,CHI,@,CHH,W (+23),1,28:07,2,2,1.0,0,0,,2,2,1.0,6,11,17,3,0,0,5,2,6,9.2,31.0
750,10,10,1996-11-16,35-187,CHI,,ATL,W (+28),1,31:25,5,6,0.833,1,2,0.5,0,0,,5,10,15,3,0,0,2,1,11,15.0,19.0
751,11,11,1996-11-20,35-191,CHI,@,PHO,W (+14),1,35:50,1,3,0.333,0,0,,1,2,0.5,6,10,16,1,0,1,3,3,3,5.3,22.0
752,12,12,1996-11-21,35-192,CHI,@,DEN,W (+18),1,27:11,2,2,1.0,0,0,,0,0,,4,3,7,5,0,0,3,3,4,6.4,15.0
753,13,13,1996-11-23,35-194,CHI,@,UTA,L (-5),1,35:41,1,2,0.5,0,0,,0,0,,2,8,10,1,0,0,0,5,2,3.5,-10.0
754,14,14,1996-11-25,35-196,CHI,@,LAC,W (+4),1,41:09,1,2,0.5,0,0,,0,0,,5,9,14,2,0,1,3,2,2,5.5,2.0
755,15,15,1996-11-29,35-200,CHI,@,DAL,W (+19),1,31:22,2,7,0.286,0,0,,1,2,0.5,9,10,19,3,0,1,6,3,5,5.4,-5.0
756,16,16,1996-11-30,35-201,CHI,@,SAS,W (+9),1,35:54,2,4,0.5,0,0,,3,4,0.75,5,9,14,2,1,1,1,4,7,11.3,-2.0
757,17,17,1996-12-03,35-204,CHI,@,MIL,W (+3),1,35:58,1,4,0.25,0,0,,0,0,,3,9,12,5,2,0,1,4,2,7.3,8.0
758,18,18,1996-12-05,35-206,CHI,,LAC,W (+18),1,39:22,0,3,0.0,0,0,,0,0,,7,7,14,3,0,0,2,4,0,3.4,24.0
759,19,19,1996-12-07,35-208,CHI,,MIA,L (-3),1,37:41,2,7,0.286,0,0,,0,0,,7,11,18,2,1,1,1,5,4,8.2,-2.0
760,20,20,1996-12-08,35-209,CHI,@,TOR,L (-8),1,34:11,2,3,0.667,0,0,,0,1,0.0,4,7,11,6,0,1,4,4,4,6.5,0.0
761,23,21,1996-12-14,35-215,CHI,,CHH,W (+5),1,41:35,1,8,0.125,0,0,,1,4,0.25,9,14,23,4,0,1,4,4,3,5.0,14.0
762,24,22,1996-12-17,35-218,CHI,,LAL,W (+6),1,43:03,0,2,0.0,0,0,,2,2,1.0,6,12,18,5,3,0,1,3,2,12.7,8.0
763,25,23,1996-12-19,35-220,CHI,@,CHH,W (+21),1,34:54,1,4,0.25,0,0,,0,0,,3,11,14,5,0,1,0,4,2,7.6,16.0
764,26,24,1996-12-21,35-222,CHI,@,PHI,W (+6),1,47:18,6,10,0.6,0,0,,0,0,,6,12,18,2,2,0,1,3,12,16.4,7.0
765,27,25,1996-12-23,35-224,CHI,,NJN,W (+32),1,29:27,3,6,0.5,0,0,,0,0,,5,12,17,3,1,0,1,0,6,12.2,11.0
766,28,26,1996-12-25,35-226,CHI,,DET,W (+12),1,46:23,5,10,0.5,0,1,0.0,1,3,0.333,9,13,22,7,0,0,2,4,11,16.7,10.0
767,29,27,1996-12-26,35-227,CHI,@,ATL,L (-5),1,28:00,1,4,0.25,0,0,,2,4,0.5,5,5,10,1,0,1,2,5,4,3.2,-9.0
768,30,28,1996-12-28,35-229,CHI,,CLE,W (+5),1,38:09,4,6,0.667,1,1,1.0,1,4,0.25,5,11,16,4,1,0,1,2,10,15.0,6.0
769,31,29,1996-12-30,35-231,CHI,,IND,W (+2),1,37:17,4,12,0.333,0,1,0.0,3,6,0.5,11,10,21,2,0,0,1,5,11,12.1,5.0
770,32,30,1997-01-03,35-235,CHI,,ORL,W (+21),1,37:55,4,10,0.4,0,1,0.0,2,4,0.5,9,13,22,1,0,0,2,2,10,11.9,26.0
771,33,31,1997-01-06,35-238,CHI,,UTA,W (+13),1,34:36,3,8,0.375,0,2,0.0,0,2,0.0,8,8,16,4,1,0,0,3,6,11.4,17.0
772,34,32,1997-01-10,35-242,CHI,@,MIL,W (+15),1,43:10,8,11,0.727,0,0,,0,0,,10,16,26,1,2,0,1,3,16,23.8,15.0
773,35,33,1997-01-11,35-243,CHI,,HOU,W (+24),1,38:51,4,9,0.444,0,1,0.0,0,1,0.0,5,13,18,4,1,0,2,4,8,10.5,18.0
774,36,34,1997-01-14,35-246,CHI,,WSB,W (+1),1,41:34,2,5,0.4,0,1,0.0,1,2,0.5,10,8,18,1,0,0,2,2,5,9.2,10.0
775,37,35,1997-01-15,35-247,CHI,@,MIN,W (+10),1,33:19,3,6,0.5,0,0,,0,0,,5,10,15,5,0,0,0,1,6,12.6,7.0
776,38,36,1997-02-11,35-274,CHI,,CHH,W (+3),1,37:13,1,3,0.333,0,0,,1,1,1.0,5,9,14,5,0,0,2,5,3,7.0,0.0
777,39,37,1997-02-14,35-277,CHI,@,ATL,W (+1),0,30:06,1,1,1.0,0,0,,0,0,,4,8,12,1,0,0,1,6,2,4.2,3.0
778,40,38,1997-02-16,35-279,CHI,,ORL,W (+21),1,30:05,3,3,1.0,0,0,,1,1,1.0,5,8,13,2,1,0,2,2,7,11.6,8.0
779,41,39,1997-02-18,35-281,CHI,,DEN,W (+11),1,35:10,1,5,0.2,0,1,0.0,1,2,0.5,4,9,13,5,0,0,4,2,3,3.7,9.0
780,42,40,1997-02-21,35-284,CHI,@,WSB,W (+4),1,38:02,1,2,0.5,0,0,,2,2,1.0,3,9,12,2,0,0,2,3,4,6.0,4.0
781,43,41,1997-02-22,35-285,CHI,,GSW,W (+33),1,22:29,1,3,0.333,0,0,,3,4,0.75,6,6,12,2,0,0,3,5,5,5.3,19.0
782,44,42,1997-02-24,35-287,CHI,,POR,W (+27),1,28:14,1,2,0.5,0,0,,2,2,1.0,6,9,15,3,1,0,1,4,4,10.4,19.0
783,45,43,1997-02-27,35-290,CHI,@,CLE,L (-3),1,39:24,6,11,0.545,0,0,,4,4,1.0,7,9,16,1,0,1,2,5,16,15.7,8.0
784,46,44,1997-02-28,35-291,CHI,,SAC,W (+18),1,26:32,2,3,0.667,0,0,,2,2,1.0,2,9,11,4,0,1,4,3,6,7.1,2.0
785,47,45,1997-03-03,35-294,CHI,,MIL,W (+18),1,31:55,2,3,0.667,0,0,,1,2,0.5,4,7,11,7,2,0,1,4,5,12.5,24.0
786,49,46,1997-03-07,35-298,CHI,,IND,W (+8),1,42:06,1,6,0.167,0,1,0.0,2,2,1.0,8,10,18,4,3,0,7,2,4,6.8,1.0
787,50,47,1997-03-09,35-300,CHI,@,NYK,L (-4),1,43:49,3,5,0.6,0,1,0.0,3,4,0.75,7,12,19,1,1,0,3,5,9,11.5,4.0
788,51,48,1997-03-11,35-302,CHI,@,BOS,W (+11),1,33:19,3,4,0.75,0,0,,0,0,,4,12,16,5,0,1,4,3,6,9.8,-13.0
789,52,49,1997-03-12,35-303,CHI,@,PHI,W (+4),1,40:23,1,4,0.25,0,0,,0,0,,6,11,17,5,3,0,1,3,2,11.4,10.0
790,53,50,1997-03-14,35-305,CHI,@,NJN,L (-1),1,33:59,1,8,0.125,0,0,,0,2,0.0,13,4,17,1,0,0,0,2,2,6.2,-5.0
791,54,51,1997-03-15,35-306,CHI,,ATL,W (+20),1,29:32,4,6,0.667,2,2,1.0,0,0,,4,10,14,1,2,1,2,2,10,13.8,20.0
792,55,52,1997-03-18,35-309,CHI,,SEA,W (+2),1,38:33,1,5,0.2,0,0,,0,4,0.0,3,14,17,2,1,0,3,3,2,1.8,9.0
793,56,53,1997-03-21,35-312,CHI,@,IND,W (+19),1,34:22,1,2,0.5,0,0,,0,0,,6,13,19,3,0,2,2,3,2,9.4,19.0
794,57,54,1997-03-22,35-313,CHI,,DET,W (+15),1,37:50,3,4,0.75,1,2,0.5,0,0,,3,15,18,4,0,0,0,2,7,14.0,19.0
795,58,55,1997-03-25,35-316,CHI,,DAL,W (+2),1,29:34,1,6,0.167,0,1,0.0,0,0,,9,12,21,2,0,1,1,2,2,8.4,3.0
796,1,1,1997-10-31,36-171,CHI,@,BOS,L (-7),0,24:45,5,8,0.625,0,0,,0,0,,3,6,9,0,0,0,2,1,10,7.9,6.0
797,2,2,1997-11-01,36-172,CHI,,PHI,W (+20),0,23:07,3,8,0.375,0,1,0.0,0,2,0.0,3,10,13,2,2,0,2,2,6,6.5,0.0
798,3,3,1997-11-03,36-174,CHI,,SAS,W (+4),0,46:15,1,10,0.1,0,0,,1,4,0.25,10,12,22,1,1,0,2,6,3,3.1,-3.0
799,4,4,1997-11-05,36-176,CHI,,ORL,W (+13),0,23:50,0,1,0.0,0,1,0.0,0,0,,3,4,7,4,0,0,4,3,0,0.2,-2.0
800,5,5,1997-11-07,36-178,CHI,@,ATL,L (-2),0,20:35,1,1,1.0,0,0,,0,2,0.0,1,2,3,2,0,0,2,5,2,-0.4,-6.0
801,6,6,1997-11-08,36-179,CHI,,NJN,W (+13),1,34:06,3,5,0.6,0,0,,1,2,0.5,6,6,12,4,2,1,3,3,7,11.6,9.0
802,7,7,1997-11-11,36-182,CHI,@,CLE,L (-21),1,12:08,0,0,,0,0,,0,0,,1,4,5,1,0,0,2,2,0,-0.2,-4.0
803,8,8,1997-11-12,36-183,CHI,,WAS,L (-7),1,39:40,3,5,0.6,0,0,,1,1,1.0,7,7,14,2,1,0,2,5,7,10.1,-5.0
804,9,9,1997-11-14,36-185,CHI,,CHH,W (+13),0,22:41,3,4,0.75,0,1,0.0,0,0,,3,11,14,2,0,0,0,0,6,11.2,9.0
805,10,10,1997-11-15,36-186,CHI,,CLE,W (+9),1,37:14,3,8,0.375,0,2,0.0,1,2,0.5,5,13,18,2,1,0,1,3,7,9.8,12.0
806,11,11,1997-11-20,36-191,CHI,@,PHO,L (-4),1,39:07,2,4,0.5,0,0,,0,2,0.0,7,7,14,3,1,0,3,4,4,6.7,3.0
807,12,12,1997-11-21,36-192,CHI,@,LAC,W (+9),1,47:52,3,4,0.75,0,0,,4,4,1.0,6,8,14,4,0,1,2,5,10,14.5,14.0
808,13,13,1997-11-23,36-194,CHI,@,SAC,W (+15),1,32:30,1,6,0.167,0,0,,0,0,,5,9,14,2,1,1,1,2,2,5.7,1.0
809,14,14,1997-11-25,36-196,CHI,@,SEA,L (-1),1,38:58,2,5,0.4,0,0,,0,0,,4,13,17,1,0,0,0,3,4,7.5,-7.0
810,15,15,1997-11-28,36-199,CHI,@,IND,L (-11),1,27:42,1,3,0.333,0,0,,0,2,0.0,2,9,11,1,1,0,0,3,2,4.1,-14.0
811,16,16,1997-11-29,36-200,CHI,@,WAS,W (+5),1,40:33,1,4,0.25,0,0,,0,0,,7,10,17,0,0,0,2,3,2,4.3,-6.0
812,17,17,1997-12-03,36-204,CHI,@,BOS,W (+10),1,39:32,3,3,1.0,0,0,,2,6,0.333,2,15,17,3,0,0,2,1,8,11.1,23.0
813,18,18,1997-12-05,36-206,CHI,,MIL,W (+22),1,30:17,1,2,0.5,0,0,,0,2,0.0,8,6,14,5,0,0,1,3,2,8.9,17.0
814,19,19,1997-12-09,36-210,CHI,,NYK,W (+18),1,31:12,1,2,0.5,0,0,,0,0,,2,7,9,1,0,0,3,5,2,0.2,13.0
815,20,20,1997-12-10,36-211,CHI,@,ORL,L (-8),1,35:40,2,4,0.5,0,0,,2,3,0.667,6,10,16,1,0,0,2,2,6,8.7,-13.0
816,21,21,1997-12-12,36-213,CHI,@,CHH,L (-2),1,37:55,2,4,0.5,0,0,,0,0,,4,15,19,1,2,2,3,3,4,9.2,3.0
817,22,22,1997-12-13,36-214,CHI,,TOR,W (+27),1,32:47,3,5,0.6,0,0,,1,4,0.25,8,6,14,1,0,0,2,3,7,8.4,25.0
818,23,23,1997-12-15,36-216,CHI,,PHO,W (+7),1,37:43,0,4,0.0,0,1,0.0,0,0,,4,17,21,6,1,0,6,3,0,3.1,14.0
819,24,24,1997-12-17,36-218,CHI,,LAL,W (+21),1,26:24,0,3,0.0,0,0,,1,2,0.5,3,11,14,1,0,0,0,1,1,4.2,13.0
820,25,25,1997-12-20,36-221,CHI,@,NJN,W (+8),1,43:29,4,7,0.571,0,0,,0,0,,6,18,24,5,2,0,2,3,8,16.6,9.0
821,26,26,1997-12-23,36-224,CHI,,LAC,W (+5),1,42:00,4,8,0.5,0,0,,1,2,0.5,15,10,25,4,0,1,2,4,9,18.0,5.0
822,27,27,1997-12-25,36-226,CHI,,MIA,W (+10),1,41:35,3,4,0.75,0,0,,2,4,0.5,4,9,13,1,0,0,0,3,8,10.6,14.0
823,28,28,1997-12-27,36-228,CHI,,ATL,W (+7),1,40:11,3,7,0.429,0,0,,0,0,,9,20,29,5,1,0,3,5,6,14.1,14.0
824,29,29,1997-12-29,36-230,CHI,,DAL,W (+6),1,41:11,1,7,0.143,0,0,,9,12,0.75,11,16,27,8,0,0,3,5,11,18.4,8.0
825,30,30,1997-12-30,36-231,CHI,@,MIN,L (-4),1,44:25,2,2,1.0,0,0,,0,0,,6,7,13,5,1,0,2,4,4,10.6,-6.0
826,31,31,1998-01-02,36-234,CHI,,MIL,W (+14),1,34:22,3,9,0.333,2,3,0.667,0,0,,5,16,21,1,0,0,6,2,8,5.1,13.0
827,32,32,1998-01-03,36-235,CHI,@,DET,W (+9),1,36:27,4,5,0.8,0,0,,0,1,0.0,6,12,18,5,0,0,1,4,8,14.4,5.0
828,33,33,1998-01-06,36-238,CHI,,BOS,W (+11),1,36:49,4,7,0.571,0,0,,1,6,0.167,7,13,20,0,0,0,3,4,9,7.9,7.0
829,34,34,1998-01-07,36-239,CHI,@,MIA,L (-27),1,44:12,5,9,0.556,0,0,,0,0,,10,7,17,2,1,0,2,4,10,13.6,-35.0
830,35,35,1998-01-09,36-241,CHI,@,NYK,W (+1),1,38:52,1,2,0.5,0,0,,0,2,0.0,1,6,7,2,0,1,4,6,2,-1.6,-3.0
831,36,36,1998-01-10,36-242,CHI,,GSW,W (+5),1,36:12,1,3,0.333,0,1,0.0,2,2,1.0,6,10,16,4,1,0,1,4,4,10.7,3.0
832,37,37,1998-01-13,36-245,CHI,,SEA,W (+10),1,33:03,1,2,0.5,0,0,,2,2,1.0,4,13,17,6,2,0,0,4,4,14.3,3.0
833,38,38,1998-01-15,36-247,CHI,@,PHI,L (-10),1,41:03,3,3,1.0,0,0,,0,0,,10,10,20,2,0,0,3,3,6,12.3,-18.0
834,39,39,1998-01-16,36-248,CHI,@,MIL,W (+10),1,37:01,0,2,0.0,0,1,0.0,0,0,,2,10,12,3,1,0,1,2,0,4.3,7.0
835,40,40,1998-01-18,36-250,CHI,,HOU,W (+6),1,35:00,0,0,,0,0,,0,0,,2,3,5,7,0,0,1,4,0,4.6,1.0
836,43,41,1998-01-25,36-257,CHI,,UTA,L (-7),0,34:14,0,5,0.0,0,0,,0,0,,5,9,14,2,2,0,0,1,0,5.7,-1.0
837,44,42,1998-01-27,36-259,CHI,@,VAN,W (+18),1,35:46,1,4,0.25,0,1,0.0,0,0,,8,14,22,6,0,0,3,1,2,10.2,15.0
838,45,43,1998-01-29,36-261,CHI,@,POR,W (+13),1,43:21,2,5,0.4,0,0,,2,2,1.0,7,13,20,2,1,1,3,1,6,11.8,11.0
839,46,44,1998-01-30,36-262,CHI,@,GSW,W (+7),1,33:37,3,9,0.333,0,0,,1,2,0.5,11,11,22,1,0,0,0,2,7,12.4,11.0
840,47,45,1998-02-01,36-264,CHI,@,LAL,L (-25),1,33:10,0,3,0.0,0,0,,0,0,,6,9,15,1,0,0,2,2,0,2.7,-25.0
841,48,46,1998-02-02,36-265,CHI,@,DEN,W (+39),1,30:04,2,5,0.4,0,0,,0,0,,7,9,16,3,0,0,4,1,4,6.6,15.0
842,49,47,1998-02-04,36-267,CHI,@,UTA,L (-8),1,37:58,2,4,0.5,0,0,,0,0,,3,1,4,4,2,0,2,5,4,5.2,-19.0
843,50,48,1998-02-10,36-273,CHI,,TOR,W (+7),1,29:21,2,5,0.4,0,0,,0,0,,6,11,17,5,0,0,2,1,4,9.9,3.0
844,51,49,1998-02-11,36-274,CHI,@,CHH,W (+2),1,38:54,1,4,0.25,0,0,,1,2,0.5,3,8,11,6,1,0,0,4,3,8.3,-3.0
845,52,50,1998-02-13,36-276,CHI,,ATL,W (+2),1,34:03,2,4,0.5,0,0,,3,4,0.75,0,4,4,3,0,1,0,3,7,7.4,0.0
846,53,51,1998-02-15,36-278,CHI,,DET,W (+9),0,20:47,0,2,0.0,0,0,,0,0,,2,6,8,3,0,0,2,1,0,1.5,14.0
847,54,52,1998-02-17,36-280,CHI,,IND,W (+8),0,33:40,0,3,0.0,0,0,,2,2,1.0,4,9,13,2,0,0,1,3,2,4.6,9.0
848,55,53,1998-02-19,36-282,CHI,@,TOR,W (+37),0,30:27,1,5,0.2,0,0,,0,0,,5,14,19,2,1,0,3,2,2,5.2,24.0
849,56,54,1998-02-21,36-284,CHI,@,WAS,W (+6),0,34:04,2,6,0.333,0,0,,0,0,,6,11,17,4,1,0,1,2,4,10.1,3.0
850,57,55,1998-02-23,36-286,CHI,,CLE,W (+22),0,22:08,2,5,0.4,1,4,0.25,2,2,1.0,0,4,4,1,1,0,1,2,7,5.4,8.0
851,58,56,1998-02-25,36-288,CHI,,POR,L (-5),0,33:55,3,6,0.5,0,0,,0,0,,6,8,14,1,2,0,0,3,6,11.1,2.0
852,59,57,1998-02-28,36-291,CHI,,SAC,W (+15),1,41:17,4,7,0.571,0,0,,1,2,0.5,4,14,18,6,0,0,1,2,9,14.7,8.0
853,60,58,1998-03-03,36-294,CHI,,DEN,W (+28),1,28:19,2,8,0.25,0,0,,0,0,,10,7,17,5,0,0,1,3,4,9.6,6.0
854,61,59,1998-03-08,36-299,CHI,@,NYK,W (+13),1,45:42,3,8,0.375,0,0,,0,0,,6,14,20,0,0,0,1,2,6,8.2,8.0
855,62,60,1998-03-10,36-301,CHI,,MIA,W (+15),1,28:34,1,2,0.5,0,0,,0,0,,4,6,10,0,0,1,2,5,2,2.3,2.0
856,63,61,1998-03-12,36-303,CHI,@,DAL,L (-7),1,34:58,1,5,0.2,0,0,,1,2,0.5,10,12,22,2,0,0,2,4,3,7.9,0.0
857,64,62,1998-03-14,36-305,CHI,@,SAS,W (+10),1,46:12,0,3,0.0,0,0,,0,0,,7,9,16,4,2,0,3,5,0,5.3,10.0
858,65,63,1998-03-16,36-307,CHI,,NJN,W (+16),1,40:19,2,4,0.5,0,0,,0,0,,5,11,16,5,0,1,1,3,4,10.8,21.0
859,66,64,1998-03-17,36-308,CHI,@,IND,W (+6),1,48:00,3,3,1.0,0,0,,0,0,,3,16,19,1,0,1,2,1,6,11.0,6.0
860,67,65,1998-03-20,36-311,CHI,,VAN,W (+6),0,14:55,0,1,0.0,0,0,,0,0,,2,2,4,2,0,0,0,1,0,2.3,3.0
861,68,66,1998-03-22,36-313,CHI,@,TOR,W (+2),1,44:17,3,5,0.6,0,0,,3,3,1.0,9,9,18,3,0,0,1,4,9,15.2,5.0
862,69,67,1998-03-23,36-314,CHI,,BOS,W (+23),1,34:11,5,10,0.5,0,0,,2,5,0.4,9,5,14,1,2,0,3,2,12,12.5,20.0
863,70,68,1998-03-25,36-316,CHI,@,ORL,W (+15),1,38:27,1,1,1.0,0,0,,0,0,,4,14,18,5,1,0,2,2,2,10.4,15.0
864,71,69,1998-03-27,36-318,CHI,@,ATL,W (+15),1,46:13,2,3,0.667,0,0,,1,2,0.5,4,11,15,0,0,1,1,3,5,7.9,16.0
865,72,70,1998-03-29,36-320,CHI,@,MIL,W (+17),1,39:38,3,4,0.75,0,0,,1,2,0.5,5,12,17,2,1,0,4,1,7,10.1,11.0
866,73,71,1998-03-31,36-322,CHI,,DET,W (+5),1,46:30,2,2,1.0,0,0,,3,4,0.75,5,13,18,5,1,0,1,2,7,16.1,-2.0
867,74,72,1998-04-03,36-325,CHI,,MIN,W (+14),1,35:28,4,7,0.571,1,3,0.333,2,2,1.0,8,8,16,1,0,1,0,3,11,15.9,17.0
868,75,73,1998-04-05,36-327,CHI,@,HOU,W (+15),1,45:22,0,4,0.0,0,0,,0,0,,3,9,12,8,0,1,1,4,0,5.7,17.0
869,76,74,1998-04-07,36-329,CHI,,WAS,W (+18),1,41:32,2,3,0.667,0,0,,0,0,,2,18,20,4,0,1,2,2,4,10.2,19.0
870,77,75,1998-04-09,36-331,CHI,@,CLE,L (-6),1,38:19,2,3,0.667,0,0,,2,2,1.0,7,13,20,3,4,0,3,5,6,14.6,-10.0
871,78,76,1998-04-11,36-333,CHI,,ORL,W (+9),1,32:31,0,3,0.0,0,3,0.0,0,0,,2,8,10,6,0,1,3,5,0,1.6,7.0
872,79,77,1998-04-13,36-335,CHI,,IND,L (-9),1,42:49,6,11,0.545,0,0,,1,2,0.5,3,6,9,4,0,0,0,2,13,13.2,-12.0
873,80,78,1998-04-15,36-337,CHI,@,DET,L (-8),1,42:01,1,3,0.333,0,0,,0,0,,7,8,15,4,0,1,4,4,2,5.5,-13.0
874,81,79,1998-04-17,36-339,CHI,@,PHI,W (+7),1,33:35,0,2,0.0,0,0,,2,2,1.0,7,10,17,3,0,0,4,4,2,5.0,1.0
875,82,80,1998-04-18,36-340,CHI,,NYK,W (+2),1,34:56,2,3,0.667,0,1,0.0,0,0,,2,6,8,0,3,0,0,3,4,7.7,-6.0
876,2,1,1999-02-26,37-289,LAL,,LAC,W (+16),0,25:50,0,2,0.0,0,0,,0,0,,1,10,11,6,1,0,3,3,0,3.3,8.0
877,3,2,1999-02-28,37-291,LAL,,HOU,W (+16),0,25:57,0,2,0.0,0,1,0.0,2,4,0.5,1,9,10,2,0,1,2,4,2,1.7,11.0
878,4,3,1999-03-01,37-292,LAL,@,PHO,W (+6),0,30:12,3,5,0.6,0,0,,1,3,0.333,2,14,16,3,0,1,2,2,7,9.5,14.0
879,5,4,1999-03-03,37-294,LAL,,PHO,W (+6),0,29:48,0,3,0.0,0,0,,3,6,0.5,7,10,17,0,0,2,0,3,3,7.8,0.0
880,6,5,1999-03-05,37-296,LAL,,SEA,W (+3),0,25:48,0,1,0.0,0,0,,0,0,,2,4,6,1,0,0,0,4,0,1.0,-7.0
881,7,6,1999-03-07,37-298,LAL,@,UTA,W (+8),0,25:09,0,0,,0,0,,1,4,0.25,1,3,4,0,0,0,0,5,1,-0.6,-9.0
882,8,7,1999-03-09,37-300,LAL,@,LAC,W (+4),0,35:32,2,3,0.667,0,0,,0,4,0.0,5,15,20,1,0,2,2,5,4,7.2,3.0
883,9,8,1999-03-10,37-301,LAL,,LAC,W (+19),0,16:37,0,2,0.0,0,0,,0,0,,3,3,6,0,0,0,0,2,0,0.8,4.0
884,10,9,1999-03-12,37-303,LAL,,GSW,W (+11),0,8:27,0,0,,0,0,,0,0,,1,2,3,0,0,0,1,1,0,-0.1,3.0
885,14,10,1999-03-21,37-312,LAL,@,ORL,W (+11),0,23:27,2,2,1.0,0,0,,0,0,,1,5,6,2,0,0,0,3,4,5.8,4.0
886,15,11,1999-03-22,37-313,LAL,@,DAL,W (+3),0,32:29,0,0,,0,0,,1,2,0.5,1,16,17,1,0,1,2,3,1,4.3,7.0
887,16,12,1999-03-24,37-315,LAL,,PHO,L (-5),0,35:31,1,3,0.333,0,0,,0,0,,2,11,13,2,1,1,4,4,2,2.5,12.0
888,17,13,1999-03-26,37-317,LAL,,SAC,L (-2),1,24:11,1,3,0.333,0,0,,0,0,,1,8,9,0,0,0,2,3,2,0.2,-16.0
889,18,14,1999-03-28,37-319,LAL,,NYK,W (+8),1,34:49,1,2,0.5,0,0,,5,6,0.833,2,10,12,1,0,1,1,2,7,9.6,-6.0
890,19,15,1999-03-29,37-320,LAL,,VAN,W (+18),1,42:30,1,3,0.333,0,0,,1,2,0.5,6,11,17,5,1,0,1,4,3,10.3,14.0
891,20,16,1999-04-02,37-324,LAL,@,PHO,W (+1),1,44:03,0,2,0.0,0,0,,2,2,1.0,4,11,15,1,1,0,4,3,2,3.2,-3.0
892,21,17,1999-04-03,37-325,LAL,,GSW,L (-5),1,30:44,0,3,0.0,0,0,,0,4,0.0,4,9,13,0,2,1,1,3,0,2.3,-12.0
893,22,18,1999-04-05,37-327,LAL,,DEN,W (+13),1,34:17,1,1,1.0,0,0,,1,2,0.5,6,11,17,3,0,0,2,3,3,8.7,-1.0
894,23,19,1999-04-06,37-328,LAL,,UTA,L (-13),1,36:16,0,2,0.0,0,1,0.0,0,0,,3,9,12,0,2,1,0,4,0,4.5,-20.0
895,24,20,1999-04-07,37-329,LAL,@,SAC,W (+15),1,19:29,1,2,0.5,0,0,,0,0,,3,5,8,1,0,0,0,2,2,4.5,-6.0
896,25,21,1999-04-09,37-331,LAL,,MIN,W (+7),1,25:24,0,1,0.0,0,0,,0,0,,3,6,9,0,0,0,2,3,0,0.0,-3.0
897,26,22,1999-04-11,37-333,LAL,,SEA,L (-4),1,39:48,3,3,1.0,0,0,,0,0,,2,11,13,1,2,1,2,4,6,9.6,-1.0
898,27,23,1999-04-13,37-335,LAL,@,POR,L (-27),1,13:22,0,1,0.0,0,0,,0,0,,1,3,4,0,0,0,0,1,0,0.5,-11.0
899,3,1,2000-02-09,38-272,DAL,,SEA,L (-11),1,31:31,0,1,0.0,0,0,,0,0,,3,10,13,1,1,0,2,5,0,2.1,-18.0
900,4,2,2000-02-15,38-278,DAL,,MIL,L (-13),1,35:34,2,5,0.4,0,0,,2,3,0.667,7,9,16,4,0,0,3,2,6,9.5,-2.0
901,6,3,2000-02-20,38-283,DAL,@,TOR,W (+4),1,34:54,0,1,0.0,0,0,,1,1,1.0,4,12,16,1,0,1,1,6,1,4.7,-4.0
902,7,4,2000-02-21,38-284,DAL,@,IND,L (-1),1,34:35,1,5,0.2,0,0,,0,0,,6,12,18,2,0,0,0,3,2,6.9,-8.0
903,8,5,2000-02-24,38-287,DAL,,UTA,L (-7),1,30:29,0,0,,0,0,,1,2,0.5,2,10,12,2,0,0,1,5,1,3.4,-13.0
904,9,6,2000-02-26,38-289,DAL,,DEN,W (+2),1,34:33,2,3,0.667,0,0,,2,2,1.0,2,12,14,0,0,0,0,6,6,7.3,10.0
905,10,7,2000-02-28,38-291,DAL,@,BOS,W (+8),1,39:29,2,4,0.5,0,1,0.0,0,0,,4,12,16,3,0,0,2,3,4,7.3,16.0
906,11,8,2000-02-29,38-292,DAL,@,PHI,L (-19),1,18:33,0,0,,0,0,,0,0,,0,3,3,0,0,0,1,3,0,-1.3,-16.0
907,12,9,2000-03-02,38-294,DAL,,NJN,L (-1),1,32:41,2,6,0.333,0,0,,0,0,,7,14,21,0,0,0,1,0,4,8.7,6.0
908,13,10,2000-03-04,38-296,DAL,@,PHO,L (-14),1,36:06,3,5,0.6,0,0,,0,2,0.0,8,11,19,0,1,0,5,3,6,6.6,-22.0
909,14,11,2000-03-06,38-298,DAL,@,SAC,L (-21),1,24:19,0,0,,0,0,,2,2,1.0,3,5,8,0,0,0,2,3,2,2.4,-26.0
910,15,12,2000-03-07,38-299,DAL,@,SEA,L (-15),1,35:26,0,1,0.0,0,0,,2,2,1.0,2,13,15,1,0,0,1,2,2,5.5,1.0
