Game of season,Game for player,Date,Age (days),Team,Home/Away,Opp,Win/Loss,GS,MP,FG,FGA,FG%,3P,3PA,3P%,FT,FTA,FT%,ORB,DRB,TRB,AST,STL,BLK,TOV,PF,PTS,GmSc,+/-
1,1,1995-11-03,8272,UTA,H,SEA,W (+18),0,18:00,2,7,.286,0,0,,3,4,.750,4,3,7,0,0,0,0,2,7,5.4,
2,2,1995-11-05,8274,UTA,A,POR,L (-4),1,20:00,3,4,.750,0,0,,4,4,1.000,0,2,2,0,0,2,4,4,10,4.8,
3,3,1995-11-06,8275,UTA,H,ATL,W (+9),1,18:00,5,5,1.000,0,0,,1,4,.250,0,0,0,0,0,0,1,3,11,6.1,
4,4,1995-11-08,8277,UTA,H,LAL,W (+10),1,12:00,0,1,.000,0,0,,0,0,,0,3,3,0,0,2,0,2,0,0.8,
5,5,1995-11-10,8279,UTA,H,DEN,W (+23),1,21:00,3,5,.600,0,0,,0,0,,1,3,4,0,0,2,0,3,6,5.5,
6,6,1995-11-12,8281,UTA,A,NYK,L (-10),1,15:00,1,4,.250,0,0,,1,2,.500,0,3,3,0,0,1,0,2,3,1.0,
7,7,1995-11-13,8282,UTA,A,TOR,W (+3),1,2:00,1,1,1.000,0,0,,0,0,,0,1,1,0,0,0,0,2,2,1.2,
8,8,1995-11-15,8284,UTA,A,BOS,W (+12),1,22:00,2,7,.286,0,0,,0,0,,2,5,7,1,0,2,0,2,4,4.1,
9,9,1995-11-17,8286,UTA,A,DET,W (+5),1,13:00,2,4,.500,0,0,,1,2,.500,0,1,1,0,0,0,1,1,5,1.5,
10,10,1995-11-18,8287,UTA,A,MIN,W (+24),1,21:00,3,4,.750,0,0,,0,0,,2,2,4,0,0,3,4,5,6,2.5,
11,11,1995-11-20,8289,UTA,H,NJN,W (+26),1,6:00,1,1,1.000,0,0,,0,0,,0,0,0,0,1,0,0,0,2,2.7,
12,12,1995-12-30,8329,UTA,H,LAL,W (+17),0,7:00,0,2,.000,0,0,,0,0,,0,5,5,0,0,1,0,1,0,0.4,
13,13,1996-01-02,8332,UTA,A,DAL,W (+10),0,9:00,1,2,.500,0,0,,0,0,,0,3,3,0,0,2,1,0,2,2.3,
14,14,1996-01-03,8333,UTA,A,SAS,L (-14),0,20:00,2,4,.500,0,0,,3,4,.750,1,1,2,0,0,0,0,3,7,4.4,
15,15,1996-01-05,8335,UTA,A,LAL,L (-16),0,9:00,1,3,.333,0,0,,0,0,,1,2,3,0,0,1,0,3,2,1.1,
16,16,1996-01-08,8338,UTA,H,MIA,W (+2),0,17:00,1,3,.333,0,0,,0,0,,3,4,7,0,0,0,0,3,2,2.4,
17,17,1996-01-12,8342,UTA,H,SAS,L (-7),0,10:00,1,2,.500,0,0,,0,0,,0,3,3,0,0,1,0,1,2,2.2,
18,18,1996-01-15,8345,UTA,A,HOU,L (-8),0,6:00,1,1,1.000,0,0,,2,2,1.000,0,2,2,0,0,0,1,2,4,2.5,
19,19,1996-01-20,8350,UTA,A,LAC,W (+24),0,3:00,0,1,.000,0,0,,0,0,,0,0,0,0,0,1,0,1,0,-0.4,
20,20,1996-01-23,8353,UTA,H,POR,W (+24),0,2:00,0,0,,0,0,,0,0,,0,1,1,0,0,0,0,0,0,0.3,
21,21,1996-01-24,8354,UTA,A,GSW,W (+11),0,4:00,0,1,.000,0,0,,0,0,,0,1,1,0,0,0,0,0,0,-0.4,
22,22,1996-01-27,8357,UTA,H,GSW,W (+17),0,1:00,1,1,1.000,0,0,,0,0,,0,1,1,0,0,1,0,0,2,2.7,
23,23,1996-01-29,8359,UTA,H,DET,W (+9),0,1:00,0,0,,0,0,,0,0,,0,0,0,0,0,0,0,0,0,0.0,
24,24,1996-02-02,8363,UTA,H,LAC,W (+9),0,8:00,3,3,1.000,0,0,,1,1,1.000,0,3,3,0,0,1,1,5,7,4.7,
25,25,1996-02-04,8365,UTA,A,LAL,L (-7),0,3:00,0,1,.000,0,0,,0,0,,0,1,1,0,0,0,0,0,0,-0.4,
26,26,1996-02-05,8366,UTA,A,VAN,W (+9),0,5:00,1,1,1.000,0,0,,0,0,,0,0,0,0,0,0,0,1,2,1.3,
27,27,1996-02-07,8368,UTA,H,VAN,W (+23),0,15:00,1,5,.200,0,0,,0,0,,2,2,4,0,1,1,2,1,2,0.2,
28,28,1996-02-08,8369,UTA,A,DAL,L (-3),0,3:00,0,0,,0,0,,0,0,,0,1,1,0,0,0,0,2,0,-0.5,
29,29,1996-02-20,8381,UTA,H,BOS,W (+14),0,10:00,1,3,.333,0,0,,0,0,,1,1,2,0,0,1,1,1,2,0.6,
30,30,1996-02-22,8383,UTA,H,TOR,W (+16),0,11:00,2,3,.667,0,0,,0,0,,1,4,5,0,0,3,0,0,4,6.7,
31,31,1996-02-24,8385,UTA,A,DEN,L (-9),0,7:00,0,1,.000,0,0,,0,0,,0,0,0,0,1,0,1,0,0,-0.7,
32,32,1996-02-26,8387,UTA,H,PHO,W (+23),0,6:00,1,1,1.000,0,0,,0,0,,1,1,2,0,0,1,0,1,2,3.0,
33,33,1996-02-28,8389,UTA,H,WSB,W (+22),0,18:00,3,5,.600,0,0,,0,1,.000,6,2,8,1,0,5,0,1,6,11.9,
34,34,1996-03-01,8391,UTA,H,NYK,W (+11),0,11:00,1,2,.500,0,0,,2,4,.500,0,1,1,0,1,0,0,1,4,3.1,
35,35,1996-03-05,8395,UTA,A,SAC,W (+15),0,12:00,2,3,.667,0,0,,0,2,.000,1,0,1,0,0,1,1,1,4,1.9,
36,36,1996-03-06,8395,UTA,H,IND,W (+7),0,9:00,0,1,.000,0,0,,2,4,.500,1,1,2,0,0,0,0,2,2,0.7,
37,37,1996-03-08,8397,UTA,H,HOU,W (+20),0,17:00,2,4,.500,0,0,,0,0,,1,4,5,1,0,4,0,1,4,7.0,
38,38,1996-03-10,8399,UTA,A,MIN,W (+8),0,7:00,0,5,.000,0,0,,2,2,1.000,5,0,5,0,0,1,0,0,2,2.7,
39,39,1996-03-15,8404,UTA,A,IND,W (+9),0,26:00,3,5,.600,0,0,,1,2,.500,2,6,8,0,0,5,0,3,7,9.8,
40,40,1996-03-16,8405,UTA,A,WSB,L (-5),0,30:00,6,9,.667,0,0,,1,1,1.000,2,3,5,0,0,1,0,6,13,9.7,
41,41,1996-03-18,8407,UTA,A,MIL,W (+17),0,16:00,1,6,.167,0,0,,1,1,1.000,3,5,8,0,0,0,1,0,3,1.8,
42,42,1996-03-20,8409,UTA,H,PHI,W (+23),0,26:00,5,8,.625,0,0,,1,1,1.000,3,4,7,1,1,4,1,3,11,13.0,
43,43,1996-03-22,8411,UTA,H,CLE,W (+13),0,6:00,1,1,1.000,0,0,,0,0,,0,0,0,0,0,1,0,0,2,2.4,
44,44,1996-03-25,8414,UTA,H,DAL,W (+17),0,15:00,0,4,.000,0,0,,0,0,,2,3,5,1,0,0,0,2,0,-0.6,
45,45,1996-03-27,8416,UTA,H,MIL,W (+16),0,17:00,1,1,1.000,0,0,,0,0,,0,4,4,0,0,3,1,1,2,3.6,
46,46,1996-03-30,8419,UTA,A,SEA,L (-2),0,13:00,1,3,.333,0,0,,0,0,,0,4,4,0,0,1,0,1,2,1.8,
47,47,1996-04-02,8422,UTA,H,SEA,L (-9),0,3:00,0,1,.000,0,0,,0,0,,0,0,0,0,0,0,0,1,0,-1.1,
48,48,1996-04-04,8424,UTA,A,PHO,L (-7),0,7:00,2,4,.500,0,0,,0,0,,2,1,3,0,0,1,0,2,4,3.6,
49,49,1996-04-05,8425,UTA,H,MIN,L (-4),0,6:00,0,0,,0,0,,0,0,,0,1,1,0,0,1,0,1,0,0.6,
50,50,1996-04-07,8427,UTA,A,SAC,W (+15),0,5:00,0,1,.000,0,0,,4,4,1.000,0,1,1,0,0,0,1,1,4,2.2,
51,51,1996-04-08,8428,UTA,H,SAS,L (-1),0,10:00,0,2,.000,0,0,,0,0,,1,2,3,0,0,1,1,0,0,-0.4,
52,52,1996-04-10,8430,UTA,H,PHO,W (+24),0,16:00,7,9,.778,0,0,,0,3,.000,0,5,5,0,0,1,0,2,14,10.7,
53,53,1996-04-13,8433,UTA,A,LAC,L (-10),0,12:00,1,4,.250,0,0,,0,0,,2,2,4,0,0,2,0,1,2,2.6,
54,54,1996-04-14,8434,UTA,A,GSW,L (-11),0,1:00,0,1,.000,0,0,,0,0,,0,0,0,0,0,0,0,0,0,-0.7,
55,55,1996-04-16,8436,UTA,H,LAC,W (+23),0,21:00,4,8,.500,0,0,,4,4,1.000,3,6,9,0,0,3,1,5,12,11.0,
56,56,1996-04-18,8438,UTA,A,VAN,W (+15),0,11:00,0,3,.000,0,0,,0,0,,1,1,2,0,0,2,0,1,0,-0.1,
57,57,1996-04-20,8440,UTA,H,SAC,W (+12),0,21:00,6,11,.545,0,0,,2,2,1.000,3,3,6,0,0,0,1,4,14,9.1,
1,1,1996-11-01,8635,UTA,H,SEA,W (+8),1,16:54,0,4,.000,0,0,,2,4,.500,1,3,4,0,0,1,1,4,2,-1.9,-1
2,2,1996-11-02,8636,UTA,A,LAC,W (+5),1,18:57,1,3,.333,0,0,,2,3,.667,2,4,6,0,0,3,0,4,4,5.0,+11
3,3,1996-11-04,8638,UTA,H,HOU,L (-3),1,18:12,0,2,.000,0,0,,0,0,,0,5,5,0,0,2,3,3,0,-2.7,-2
4,4,1996-11-09,8643,UTA,A,HOU,L (-6),1,25:33,2,7,.286,0,0,,3,4,.750,3,3,6,0,0,1,0,5,7,4.2,-1
5,5,1996-11-13,8647,UTA,H,SAC,W (+31),1,37:35,7,12,.583,0,0,,0,0,,1,12,13,0,0,2,0,4,14,12.5,+34
6,6,1996-11-15,8649,UTA,H,VAN,W (+8),1,30:29,7,15,.467,0,0,,2,2,1.000,11,9,20,1,0,3,3,2,16,17.7,+1
8,7,1996-11-20,8654,UTA,A,LAL,W (+16),1,29:00,5,7,.714,0,0,,0,0,,0,9,9,1,0,3,0,6,10,10.2,+4
9,8,1996-11-21,8655,UTA,H,GSW,W (+5),1,28:02,3,5,.600,0,1,.000,2,2,1.000,3,6,9,1,0,1,3,4,8,6.4,+12
10,9,1996-11-23,8657,UTA,H,CHI,W (+5),1,30:53,3,3,1.000,0,0,,0,2,.000,0,5,5,0,0,3,2,4,6,4.3,+11
11,10,1996-11-25,8659,UTA,H,NJN,W (+16),1,21:26,1,6,.167,0,0,,1,1,1.000,2,7,9,0,1,4,2,2,3,3.7,+16
12,11,1996-11-27,8661,UTA,H,DEN,W (+4),1,30:17,2,2,1.000,0,0,,1,2,.500,2,2,4,0,1,2,0,4,5,6.8,+15
13,12,1996-11-29,8663,UTA,H,LAC,W (+17),1,30:43,4,7,.571,0,0,,2,3,.667,4,10,14,1,1,5,0,4,10,15.7,+24
14,13,1996-12-01,8665,UTA,A,SEA,W (+6),1,18:34,3,6,.500,0,0,,0,0,,2,2,4,0,0,0,1,2,6,3.2,-2
15,14,1996-12-02,8666,UTA,H,CHH,W (+10),1,27:47,2,3,.667,0,0,,2,2,1.000,2,3,5,0,0,5,1,2,6,8.7,-2
16,15,1996-12-04,8668,UTA,H,LAL,W (+26),1,28:17,2,5,.400,0,0,,2,2,1.000,1,6,7,1,1,2,1,4,6,6.3,+20
17,16,1996-12-06,8670,UTA,H,MIN,W (+11),1,24:57,1,4,.250,0,1,.000,5,6,.833,2,6,8,0,0,0,0,2,7,6.6,+11
18,17,1996-12-07,8671,UTA,A,DEN,W (+13),1,29:20,4,8,.500,0,0,,2,2,1.000,2,4,6,1,0,1,0,3,10,8.8,+27
19,18,1996-12-10,8674,UTA,H,IND,W (+24),1,35:05,6,13,.462,0,0,,9,13,.692,5,10,15,0,1,3,2,4,21,18.7,+19
20,19,1996-12-12,8676,UTA,H,PHO,L (-8),1,28:21,3,5,.600,0,0,,0,0,,0,5,5,1,0,2,0,3,6,6.1,-6
21,20,1996-12-14,8678,UTA,H,ORL,W (+33),1,32:30,8,13,.615,0,1,.000,0,0,,4,12,16,1,1,5,2,4,16,18.1,+35
22,21,1996-12-17,8681,UTA,A,NYK,L (-5),1,14:42,2,6,.333,0,0,,0,0,,2,1,3,0,0,0,1,4,4,-0.3,-5
23,22,1996-12-19,8683,UTA,A,MIA,W (+7),1,15:39,1,2,.500,0,0,,0,0,,1,5,6,0,0,0,2,4,2,-0.4,+9
24,23,1996-12-20,8684,UTA,A,ORL,W (+5),1,19:48,3,5,.600,0,0,,1,2,.500,0,2,2,1,1,1,1,2,7,5.5,-3
25,24,1996-12-22,8686,UTA,A,CLE,L (-6),1,14:08,3,4,.750,0,0,,0,1,.000,0,1,1,0,0,0,1,3,6,2.1,-7
26,25,1996-12-23,8687,UTA,A,MIN,L (-9),1,19:16,3,3,1.000,0,0,,2,4,.500,1,3,4,1,0,0,2,1,8,6.2,+6
27,26,1996-12-26,8690,UTA,H,POR,W (+5),1,21:49,2,5,.400,0,0,,2,4,.500,0,2,2,1,0,2,0,2,6,4.4,-5
28,27,1996-12-28,8692,UTA,H,PHI,W (+26),1,17:27,3,4,.750,0,0,,1,2,.500,2,4,6,0,0,3,0,3,7,8.5,+14
29,28,1996-12-30,8694,UTA,A,LAC,L (-14),1,17:27,1,2,.500,0,0,,1,4,.250,1,4,5,0,0,0,2,1,3,0.3,-1
30,29,1997-01-02,8697,UTA,A,SAS,L (-3),1,17:31,1,1,1.000,0,0,,2,4,.500,0,4,4,0,0,2,1,1,4,4.1,-1
31,30,1997-01-04,8699,UTA,H,MIA,W (+3),1,19:26,2,5,.400,0,0,,2,2,1.000,0,3,3,0,0,1,0,4,6,3.3,+13
32,31,1997-01-06,8701,UTA,A,CHI,L (-13),1,23:32,3,7,.429,0,0,,1,2,.500,3,6,9,0,0,1,2,2,7,4.7,-12
33,32,1997-01-08,8703,UTA,A,MIL,L (-7),0,17:02,3,3,1.000,0,0,,0,0,,2,0,2,0,0,0,1,2,6,4.7,-3
34,33,1997-01-09,8704,UTA,A,TOR,L (-14),0,17:57,1,2,.500,0,0,,1,2,.500,0,3,3,0,1,1,1,4,3,1.6,+1
35,34,1997-01-11,8706,UTA,A,DET,L (-10),1,26:54,3,6,.500,0,0,,1,2,.500,6,4,10,0,0,0,1,4,7,6.4,-2
36,35,1997-01-13,8708,UTA,A,PHI,W (+1),1,11:00,1,2,.500,0,0,,0,0,,0,2,2,0,1,1,0,0,2,3.3,+9
37,36,1997-01-16,8711,UTA,H,PHO,W (+4),1,8:56,0,2,.000,0,0,,0,0,,2,2,4,0,0,1,1,0,0,0.3,-7
42,37,1997-01-25,8720,UTA,A,HOU,W (+5),0,14:08,0,0,,0,0,,0,2,.000,1,0,1,0,0,1,2,3,0,-2.6,+3
43,38,1997-01-28,8723,UTA,H,DEN,W (+15),0,22:00,1,2,.500,0,0,,3,4,.750,5,8,13,3,0,3,0,2,5,12.9,+2
44,39,1997-01-30,8725,UTA,H,ATL,W (+6),0,28:39,4,5,.800,0,0,,2,2,1.000,2,7,9,0,0,0,1,3,10,9.4,+14
45,40,1997-02-01,8727,UTA,A,DAL,L (-3),0,28:52,3,8,.375,0,0,,2,2,1.000,8,5,13,0,0,1,6,2,8,4.6,-10
46,41,1997-02-03,8729,UTA,H,WSB,W (+22),0,11:13,2,2,1.000,0,0,,3,4,.750,0,2,2,1,0,2,0,3,7,7.5,-10
47,42,1997-02-05,8731,UTA,A,SEA,W (+4),1,31:27,6,7,.857,0,0,,7,8,.875,1,9,10,0,1,2,1,5,19,18.9,+4
48,43,1997-02-11,8737,UTA,A,SAC,W (+22),1,16:48,1,3,.333,0,0,,2,2,1.000,1,4,5,0,0,1,0,2,4,4.1,+19
49,44,1997-02-13,8739,UTA,H,POR,W (+24),1,22:31,1,3,.333,0,0,,1,2,.500,0,10,10,1,0,4,0,2,3,6.6,+40
50,45,1997-02-15,8741,UTA,H,DAL,W (+15),1,25:53,5,13,.385,0,0,,3,4,.750,7,5,12,1,0,2,1,2,13,12.2,0
51,46,1997-02-18,8744,UTA,H,SAS,W (+8),1,23:06,2,2,1.000,0,0,,2,2,1.000,4,6,10,0,0,2,2,2,6,8.6,+8
52,47,1997-02-20,8746,UTA,H,BOS,W (+17),1,21:51,3,5,.600,0,0,,3,4,.750,2,7,9,0,0,4,2,3,9,9.4,+9
53,48,1997-02-23,8749,UTA,H,SEA,L (-2),1,22:17,3,6,.500,0,0,,5,7,.714,2,4,6,0,0,4,0,1,11,12.2,0
54,49,1997-02-25,8751,UTA,H,NYK,W (+11),1,32:37,5,10,.500,0,0,,3,7,.429,5,8,13,0,2,6,0,4,13,16.9,+17
55,50,1997-02-27,8753,UTA,H,TOR,W (+4),1,21:00,2,5,.400,0,0,,0,0,,1,4,5,1,0,2,0,4,4,3.7,0
56,51,1997-02-28,8754,UTA,A,POR,L (-10),1,18:54,1,3,.333,0,0,,1,3,.333,2,2,4,1,1,0,0,1,3,3.8,-3
57,52,1997-03-02,8756,UTA,A,VAN,W (+7),1,30:25,3,6,.500,0,0,,2,4,.500,4,5,9,0,0,5,1,3,8,9.8,+2
58,53,1997-03-03,8757,UTA,A,GSW,W (+7),1,18:10,1,1,1.000,0,0,,2,2,1.000,0,0,0,0,0,0,1,4,4,1.1,+3
59,54,1997-03-05,8759,UTA,H,DAL,W (+31),1,27:11,5,12,.417,0,1,.000,0,0,,5,8,13,1,1,2,1,2,10,10.8,+21
60,55,1997-03-07,8761,UTA,H,DET,W (+7),1,33:35,3,5,.600,0,0,,3,4,.750,2,8,10,1,0,1,0,2,9,10.7,+13
61,56,1997-03-09,8763,UTA,A,MIN,W (+9),1,25:57,3,7,.429,0,0,,0,1,.000,1,5,6,0,1,2,0,2,6,5.7,+24
62,57,1997-03-11,8765,UTA,A,ATL,L (-7),1,30:59,3,6,.500,0,0,,2,2,1.000,3,2,5,0,0,4,2,5,8,6.5,-12
63,58,1997-03-12,8766,UTA,A,NJN,W (+15),1,31:09,3,11,.273,0,0,,4,6,.667,10,9,19,0,0,5,2,2,10,13.1,+14
64,59,1997-03-14,8768,UTA,A,IND,W (+9),1,21:38,3,4,.750,0,0,,1,1,1.000,1,3,4,0,0,1,1,4,7,5.1,-4
65,60,1997-03-15,8769,UTA,A,WSB,W (+7),1,7:05,2,2,1.000,0,0,,1,2,.500,0,3,3,0,0,0,1,4,5,2.3,+3
66,61,1997-03-17,8771,UTA,A,CHH,W (+21),1,27:17,3,5,.600,0,0,,0,0,,3,4,7,0,0,1,0,2,6,6.9,+12
67,62,1997-03-19,8773,UTA,A,BOS,W (+13),1,16:29,3,4,.750,0,0,,2,2,1.000,2,3,5,0,1,1,0,0,8,10.4,+16
68,63,1997-03-22,8776,UTA,H,LAC,W (+13),1,29:20,5,10,.500,0,0,,1,2,.500,8,6,14,0,0,2,0,4,11,12.8,+2
69,64,1997-03-23,8777,UTA,A,DEN,W (+17),1,21:22,2,3,.667,0,0,,0,0,,1,4,5,1,0,1,1,2,4,4.2,+5
70,65,1997-03-28,8782,UTA,H,MIL,W (+5),1,29:17,1,6,.167,0,0,,5,6,.833,5,13,18,0,0,0,0,4,7,8.6,+4
71,66,1997-03-29,8783,UTA,A,SAS,W (+13),1,18:19,1,2,.500,0,0,,3,6,.500,2,1,3,1,1,2,2,3,5,4.4,+5
72,67,1997-04-02,8787,UTA,H,SAC,W (+31),1,27:37,4,8,.500,0,0,,2,4,.500,3,8,11,1,1,3,2,4,10,9.9,+18
73,68,1997-04-04,8789,UTA,H,VAN,W (+27),1,22:46,4,5,.800,0,0,,3,3,1.000,3,7,10,1,1,2,0,5,11,14.4,+28
74,69,1997-04-06,8791,UTA,A,GSW,W (+14),1,27:51,8,11,.727,0,0,,5,8,.625,4,3,7,0,1,1,2,4,21,17.1,+14
75,70,1997-04-07,8792,UTA,H,SAS,W (+23),1,25:31,2,8,.250,0,0,,2,4,.500,3,6,9,0,1,5,0,3,6,7.6,+15
76,71,1997-04-09,8794,UTA,H,LAL,W (+12),1,21:09,1,2,.500,0,0,,0,0,,0,5,5,1,0,1,0,3,2,2.7,+3
77,72,1997-04-11,8796,UTA,H,HOU,W (+21),1,22:27,3,7,.429,0,0,,2,2,1.000,4,2,6,1,0,0,1,5,8,5.4,+12
78,73,1997-04-13,8798,UTA,A,LAL,L (-2),1,35:06,1,2,.500,0,0,,5,6,.833,1,12,13,0,0,3,2,5,7,8.0,+5
79,74,1997-04-15,8800,UTA,A,PHO,W (+5),1,27:58,5,6,.833,0,0,,3,3,1.000,4,5,9,0,1,1,0,3,13,15.6,+10
80,75,1997-04-17,8802,UTA,H,GSW,W (+13),1,19:38,1,4,.250,0,0,,2,2,1.000,0,3,3,0,0,4,1,4,4,2.7,+6
81,76,1997-04-19,8804,UTA,H,MIN,W (+12),1,31:06,3,5,.600,0,0,,2,3,.667,2,6,8,0,1,7,1,2,8,12.6,+25
82,77,1997-04-20,8805,UTA,A,SAC,W (+4),1,20:36,2,3,.667,0,0,,1,2,.500,1,4,5,0,1,0,1,6,5,2.8,-7
1,1,1997-10-31,8999,UTA,A,LAL,L (-17),1,18:26,1,11,.091,0,0,,0,0,,4,5,9,0,0,4,1,2,2,0.0,+2
2,2,1997-11-01,9000,UTA,H,DEN,W (+18),1,35:04,3,7,.429,0,0,,4,5,.800,2,9,11,0,1,3,3,2,10,9.3,+15
3,3,1997-11-03,9002,UTA,H,WAS,L (-4),1,30:41,4,5,.800,0,0,,4,8,.500,2,7,9,0,0,7,1,2,12,15.1,-4
4,4,1997-11-04,9003,UTA,A,PHO,L (-22),1,28:43,2,4,.500,0,0,,0,2,.000,3,8,11,0,0,2,1,3,4,4.9,-4
5,5,1997-11-07,9006,UTA,A,DEN,W (+2),1,14:46,0,1,.000,0,0,,0,0,,0,2,2,0,0,2,1,5,0,-1.7,+9
6,6,1997-11-08,9007,UTA,A,SAS,L (-7),1,18:48,0,3,.000,0,0,,1,4,.250,1,3,4,0,2,1,0,5,1,0.0,-6
7,7,1997-11-12,9011,UTA,H,VAN,W (+18),0,26:20,1,9,.111,0,0,,1,6,.167,2,7,9,1,2,3,1,1,3,2.0,+15
8,8,1997-11-14,9013,UTA,H,SEA,W (+6),0,15:30,1,4,.250,0,0,,4,6,.667,2,1,3,0,0,1,2,0,6,3.2,-7
9,9,1997-11-15,9014,UTA,A,DAL,W (+8),0,19:06,1,2,.500,0,0,,1,2,.500,1,0,1,0,0,1,1,4,3,0.4,-1
10,10,1997-11-18,9017,UTA,H,LAL,L (-5),0,13:58,2,2,1.000,0,0,,2,3,.667,0,3,3,1,0,2,0,2,6,7.2,-6
12,11,1997-11-22,9021,UTA,H,SAS,W (+29),0,15:20,1,2,.500,0,0,,0,4,.000,1,0,1,1,0,1,2,2,2,-1.3,-5
13,12,1997-11-24,9023,UTA,H,MIN,W (+9),0,18:27,1,1,1.000,0,0,,0,0,,1,7,8,1,1,4,0,4,2,7.4,-4
14,13,1997-11-28,9027,UTA,H,GSW,W (+29),0,20:56,4,7,.571,0,0,,0,2,.000,3,7,10,1,3,3,2,0,8,11.9,+13
15,14,1997-11-29,9028,UTA,A,LAC,W (+3),0,20:02,0,3,.000,0,0,,1,2,.500,4,3,7,0,0,1,1,3,1,0.7,+1
16,15,1997-12-01,9030,UTA,H,NJN,W (+5),0,8:04,1,2,.500,0,0,,0,0,,0,1,1,0,0,0,1,2,2,-0.5,+3
17,16,1997-12-03,9032,UTA,H,TOR,W (+17),0,12:08,2,3,.667,0,0,,3,4,.750,1,4,5,0,0,1,1,2,7,6.1,-5
18,17,1997-12-05,9034,UTA,A,POR,L (-17),0,18:58,2,5,.400,0,0,,0,0,,3,3,6,0,0,1,1,3,4,2.8,-5
19,18,1997-12-08,9037,UTA,H,IND,W (+9),0,16:41,1,4,.250,0,0,,7,10,.700,6,3,9,0,1,0,1,0,9,10.5,-5
20,19,1997-12-09,9038,UTA,A,SAC,L (-12),0,17:27,2,2,1.000,0,0,,0,1,.000,0,0,0,0,0,2,1,2,4,2.6,-15
22,20,1997-12-15,9044,UTA,A,WAS,L (-2),0,5:17,2,2,1.000,0,0,,0,0,,0,1,1,0,0,0,1,2,4,1.9,-1
23,21,1997-12-16,9045,UTA,A,MIA,W (+8),0,18:44,3,3,1.000,0,0,,0,0,,4,2,6,0,0,1,0,3,6,8.0,-2
24,22,1997-12-18,9047,UTA,A,ORL,W (+12),0,25:11,3,8,.375,0,0,,0,2,.000,4,6,10,0,0,3,0,3,6,6.3,+11
25,23,1997-12-21,9050,UTA,A,CLE,L (-5),0,10:21,1,1,1.000,0,0,,0,2,.000,1,0,1,0,1,0,0,4,2,1.0,-12
26,24,1997-12-22,9051,UTA,A,ATL,W (+2),0,29:02,2,3,.667,0,0,,3,6,.500,4,5,9,0,0,1,1,5,7,6.5,+2
27,25,1997-12-25,9054,UTA,H,HOU,W (+4),0,15:27,2,2,1.000,0,0,,1,1,1.000,1,4,5,0,0,2,0,4,5,6.1,+1
28,26,1997-12-27,9056,UTA,H,POR,L (-11),0,22:05,2,2,1.000,0,0,,0,4,.000,2,4,6,0,0,1,2,5,4,1.1,+3
29,27,1997-12-28,9057,UTA,A,VAN,W (+1),0,24:06,0,2,.000,0,0,,2,4,.500,2,4,6,1,1,3,2,4,2,2.6,+2
30,28,1997-12-30,9059,UTA,A,DEN,W (+33),0,22:30,7,9,.778,0,0,,7,10,.700,3,3,6,0,1,3,3,6,21,17.0,+2
31,29,1998-01-03,9063,UTA,H,ATL,W (+15),1,36:45,7,8,.875,0,0,,1,1,1.000,3,7,10,0,0,4,2,5,15,15.2,+22
32,30,1998-01-06,9066,UTA,H,PHI,W (+3),1,48:43,0,5,.000,0,0,,3,8,.375,2,7,9,4,1,11,0,3,3,11.3,+11
33,31,1998-01-08,9068,UTA,H,MIL,W (+7),1,32:35,2,3,.667,0,0,,2,7,.286,2,8,10,0,0,6,1,2,6,8.9,0
34,32,1998-01-10,9070,UTA,A,HOU,W (+27),1,28:41,2,3,.667,0,0,,0,0,,2,5,7,0,0,0,2,2,4,2.8,+19
35,33,1998-01-12,9072,UTA,H,CLE,W (+7),1,35:42,2,2,1.000,0,0,,0,0,,1,4,5,2,2,4,4,4,4,5.9,+19
36,34,1998-01-16,9076,UTA,A,POR,L (-10),1,28:26,2,3,.667,0,0,,1,2,.500,2,7,9,0,2,4,2,2,5,8.8,+1
37,35,1998-01-17,9077,UTA,H,ORL,W (+14),1,12:03,1,2,.500,0,0,,1,2,.500,2,2,4,0,0,1,1,4,3,1.7,+9
38,36,1998-01-19,9079,UTA,H,DET,W (+9),1,24:52,2,3,.667,0,0,,2,2,1.000,3,3,6,1,0,2,1,3,6,7.6,+3
39,37,1998-01-21,9081,UTA,H,GSW,W (+13),1,16:21,4,6,.667,0,0,,2,4,.500,4,3,7,0,0,3,1,2,10,10.6,+14
40,38,1998-01-23,9083,UTA,A,IND,L (-4),1,33:26,2,6,.333,0,0,,2,2,1.000,3,8,11,0,1,2,2,4,6,5.9,0
41,39,1998-01-25,9085,UTA,A,CHI,W (+7),1,39:18,1,3,.333,0,0,,2,2,1.000,1,6,7,0,0,3,1,4,4,4.3,+3
42,40,1998-01-28,9088,UTA,H,SEA,L (-8),1,27:39,2,6,.333,0,0,,2,2,1.000,1,4,5,0,0,2,3,3,6,1.7,+11
43,41,1998-01-30,9090,UTA,H,DAL,W (+10),1,23:04,1,1,1.000,0,0,,2,3,.667,4,8,12,2,0,1,1,2,4,8.8,+12
44,42,1998-02-01,9092,UTA,A,GSW,W (+27),1,22:40,5,9,.556,0,0,,0,0,,1,3,4,1,1,2,0,2,10,9.6,+31
45,43,1998-02-03,9094,UTA,A,LAC,L (-9),1,36:35,0,3,.000,0,0,,1,2,.500,1,4,5,0,0,3,0,2,1,1.7,-3
46,44,1998-02-04,9095,UTA,H,CHI,W (+8),1,14:23,0,0,,0,0,,0,0,,1,4,5,0,0,1,0,2,0,1.8,+9
47,45,1998-02-10,9101,UTA,H,LAC,W (+8),1,31:10,2,7,.286,0,0,,0,0,,5,7,12,2,0,3,1,2,4,7.2,+16
49,46,1998-03-18,9137,UTA,A,CHH,L (-26),0,10:24,1,7,.143,0,0,,0,0,,5,1,6,0,0,1,1,2,2,0.2,-9
50,47,1998-03-20,9139,UTA,A,PHI,W (+12),0,7:14,3,3,1.000,0,0,,0,0,,0,0,0,0,0,0,2,4,6,1.5,+4
51,48,1998-03-22,9141,UTA,A,NYK,W (+5),0,4:43,0,0,,0,0,,0,0,,0,1,1,0,0,0,2,2,0,-2.5,-10
52,49,1998-03-24,9143,UTA,H,PHO,W (+19),0,17:52,3,5,.600,0,0,,1,2,.500,3,1,4,0,0,2,2,0,7,6.1,-3
53,50,1998-03-27,9146,UTA,A,DAL,W (+9),0,8:52,0,2,.000,0,0,,0,2,.000,1,1,2,0,0,1,2,0,0,-2.5,-7
54,51,1998-03-28,9147,UTA,H,LAL,W (+15),0,8:40,2,3,.667,0,0,,0,0,,2,2,4,0,0,1,1,0,4,4.4,-6
55,52,1998-03-31,9150,UTA,A,SEA,L (-2),0,7:00,0,0,,0,0,,0,0,,0,2,2,0,1,1,1,1,0,0.9,+1
56,53,1998-04-01,9151,UTA,H,POR,W (+9),0,23:35,4,7,.571,0,0,,0,0,,5,4,9,0,1,6,1,5,8,11.6,+5
57,54,1998-04-03,9153,UTA,H,DEN,W (+22),0,24:04,3,4,.750,0,0,,0,1,.000,1,7,8,0,0,7,2,2,6,8.9,+16
58,55,1998-04-05,9155,UTA,A,VAN,W (+6),0,18:34,1,2,.500,0,0,,0,0,,6,3,9,1,0,3,1,5,2,5.9,0
59,56,1998-04-07,9157,UTA,A,GSW,W (+2),0,8:14,0,1,.000,0,0,,2,2,1.000,1,0,1,0,0,1,1,2,2,0.9,-8
60,57,1998-04-08,9158,UTA,H,SAS,W (+10),0,25:32,1,3,.333,0,0,,1,2,.500,3,4,7,1,1,0,2,4,3,2.3,-5
61,58,1998-04-10,9160,UTA,H,LAC,W (+17),0,27:51,5,7,.714,0,0,,1,2,.500,3,4,7,2,2,1,1,1,11,13.7,+10
62,59,1998-04-11,9161,UTA,A,MIN,L (-7),0,12:23,3,5,.600,0,0,,0,2,.000,2,4,6,0,0,0,2,0,6,3.5,-1
63,60,1998-04-14,9164,UTA,H,MIN,W (+17),0,7:50,0,2,.000,0,0,,0,0,,1,1,2,1,0,0,0,1,0,-0.1,+9
64,61,1998-04-16,9166,UTA,H,SAC,W (+13),0,13:09,2,5,.400,0,0,,0,2,.000,3,3,6,1,2,0,1,1,4,4.8,-3
65,62,1998-04-17,9167,UTA,A,PHO,W (+3),0,14:55,0,2,.000,0,0,,0,0,,3,4,7,0,1,1,0,4,0,2.0,+4
66,63,1998-04-19,9169,UTA,A,LAL,L (-4),0,12:41,1,2,.500,0,0,,0,0,,0,6,6,1,0,2,0,4,2,3.3,-9
1,1,1999-02-05,9461,UTA,H,CHI,W (+8),1,22:34,1,2,.500,0,0,,1,2,.500,0,4,4,0,0,4,0,0,3,5.6,+10
2,2,1999-02-07,9463,UTA,A,LAL,W (+9),1,21:19,1,3,.333,0,0,,2,2,1.000,1,6,7,1,0,2,1,6,4,3.5,+12
3,3,1999-02-09,9465,UTA,A,DAL,W (+11),1,23:21,3,6,.500,0,0,,1,2,.500,2,4,6,0,0,2,0,2,7,6.8,+6
6,4,1999-02-15,9471,UTA,H,SAC,W (+8),1,15:43,1,2,.500,0,0,,1,1,1.000,2,3,5,0,0,3,2,0,3,4.4,-2
7,5,1999-02-16,9472,UTA,A,SEA,L (-15),1,14:49,0,1,.000,0,0,,1,2,.500,0,2,2,0,0,1,0,1,1,0.8,-5
8,6,1999-02-18,9474,UTA,H,DEN,W (+11),1,24:30,3,8,.375,0,0,,0,0,,1,7,8,0,0,1,1,4,6,2.5,+11
9,7,1999-02-20,9476,UTA,H,SEA,W (+30),1,19:23,0,1,.000,0,0,,0,0,,1,3,4,0,1,4,2,4,0,1.1,+8
10,8,1999-02-22,9478,UTA,H,LAC,W (+15),1,23:01,2,3,.667,0,0,,0,0,,0,3,3,2,0,2,1,3,4,4.2,+12
11,9,1999-02-24,9480,UTA,A,DEN,L (-10),1,23:22,1,2,.500,0,0,,0,2,.000,1,3,4,0,0,2,1,3,2,1.0,-2
12,10,1999-02-26,9482,UTA,H,DAL,W (+15),1,27:30,1,6,.167,0,0,,2,2,1.000,3,6,9,0,1,1,1,4,4,3.2,+21
13,11,1999-02-28,9484,UTA,A,SAS,W (+14),1,36:57,1,3,.333,0,0,,5,6,.833,2,8,10,0,1,3,0,3,7,10.6,+19
14,12,1999-03-02,9486,UTA,A,POR,L (-2),1,26:51,1,2,.500,0,0,,4,4,1.000,2,2,4,2,0,0,2,6,6,4.0,+2
15,13,1999-03-03,9487,UTA,H,VAN,W (+23),1,31:12,4,6,.667,0,0,,1,4,.250,1,4,5,2,0,2,0,2,9,9.1,+20
16,14,1999-03-05,9489,UTA,H,DAL,W (+11),1,28:02,1,2,.500,0,0,,5,6,.833,0,8,8,1,0,1,0,5,7,7.4,+6
17,15,1999-03-07,9491,UTA,H,LAL,L (-8),1,33:19,0,4,.000,0,0,,1,4,.250,5,6,11,0,0,1,0,4,1,1.4,-5
18,16,1999-03-09,9493,UTA,H,CLE,W (+13),1,22:07,3,6,.500,0,0,,2,4,.500,2,6,8,0,0,4,2,4,8,6.6,-3
19,17,1999-03-11,9495,UTA,H,DEN,W (+5),1,24:33,1,1,1.000,0,0,,1,2,.500,2,1,3,0,0,4,0,2,3,6.0,+5
20,18,1999-03-12,9496,UTA,A,POR,W (+14),1,25:39,2,4,.500,0,0,,0,2,.000,4,4,8,1,1,1,2,3,4,4.4,+13
21,19,1999-03-13,9497,UTA,H,MIN,W (+27),1,33:31,3,4,.750,0,0,,2,4,.500,3,11,14,1,0,6,2,3,8,12.7,+22
22,20,1999-03-15,9499,UTA,A,MIN,W (+7),1,34:36,3,3,1.000,0,0,,0,2,.000,4,9,13,0,0,2,1,3,6,9.0,0
23,21,1999-03-18,9502,UTA,A,WAS,W (+8),1,36:45,4,6,.667,0,0,,0,2,.000,1,11,12,0,0,4,0,3,8,10.2,-7
24,22,1999-03-19,9503,UTA,A,CHH,L (-1),1,28:18,3,4,.750,0,0,,0,2,.000,4,4,8,1,0,4,0,4,6,9.5,-14
25,23,1999-03-21,9505,UTA,A,DET,L (-3),1,28:13,1,6,.167,0,0,,6,7,.857,2,4,6,0,0,1,2,4,8,3.5,+14
26,24,1999-03-23,9507,UTA,H,MIA,W (+3),1,34:45,1,4,.250,0,0,,2,2,1.000,2,4,6,1,0,3,0,2,4,6.2,+7
27,25,1999-03-26,9510,UTA,A,VAN,W (+5),1,26:38,3,4,.750,0,0,,1,2,.500,0,4,4,1,1,0,1,4,7,5.3,+13
28,26,1999-03-27,9511,UTA,A,LAC,L (-26),1,19:03,1,3,.333,0,0,,2,2,1.000,2,1,3,0,0,1,2,2,4,1.9,-20
29,27,1999-03-30,9514,UTA,A,SAC,L (-3),1,20:22,3,5,.600,0,0,,0,1,.000,2,1,3,0,1,2,0,4,6,5.8,+6
30,28,1999-04-01,9516,UTA,H,HOU,W (+1),1,22:40,0,2,.000,0,0,,0,0,,0,4,4,0,0,3,0,0,0,1.9,-2
31,29,1999-04-02,9517,UTA,A,GSW,W (+7),1,37:57,3,3,1.000,0,0,,2,3,.667,1,6,7,0,0,5,1,2,8,10.9,+7
32,30,1999-04-06,9521,UTA,A,LAL,W (+13),1,35:29,4,7,.571,0,0,,3,4,.750,3,7,10,0,0,4,0,3,11,13.1,+18
33,31,1999-04-08,9523,UTA,H,GSW,W (+7),1,29:58,1,2,.500,0,0,,4,6,.667,1,5,6,0,0,4,0,2,6,8.4,+14
34,32,1999-04-09,9524,UTA,H,PHO,W (+1),1,27:20,3,6,.500,0,0,,0,0,,4,7,11,1,0,1,2,1,6,6.9,+2
35,33,1999-04-11,9526,UTA,H,HOU,W (+9),1,36:11,4,8,.500,0,0,,3,4,.750,6,9,15,2,1,5,1,3,11,17.2,+15
36,34,1999-04-12,9527,UTA,H,VAN,W (+18),1,27:26,2,4,.500,0,0,,1,2,.500,1,8,9,2,1,4,1,5,5,7.9,+21
37,35,1999-04-13,9528,UTA,A,SAC,W (+5),1,24:51,2,2,1.000,0,0,,0,0,,1,3,4,0,0,1,0,2,4,4.9,-3
38,36,1999-04-15,9530,UTA,A,LAC,W (+14),1,42:08,6,13,.462,0,0,,4,6,.667,7,12,19,0,0,5,1,3,16,18.3,+23
39,37,1999-04-17,9532,UTA,H,LAL,W (+16),1,11:36,1,2,.500,0,0,,0,1,.000,0,3,3,0,0,2,1,4,2,0.3,+8
40,38,1999-04-18,9533,UTA,A,MIN,W (+21),1,33:44,3,5,.600,0,0,,6,6,1.000,5,2,7,0,1,1,2,0,12,13.5,+27
41,39,1999-04-20,9535,UTA,H,SAS,L (-14),1,17:03,0,4,.000,0,0,,0,0,,4,4,8,0,0,2,1,4,0,0.0,-4
42,40,1999-04-21,9536,UTA,A,PHO,L (-9),1,31:02,3,6,.500,0,0,,3,4,.750,4,4,8,0,1,0,1,1,9,9.2,-7
43,41,1999-04-23,9538,UTA,H,POR,W (+11),1,41:18,4,8,.500,0,0,,2,4,.500,4,6,10,1,0,4,2,3,10,10.1,+7
44,42,1999-04-25,9540,UTA,H,SEA,W (+17),1,27:16,2,5,.400,0,0,,0,0,,3,6,9,1,0,4,1,3,4,6.5,+14
45,43,1999-04-26,9541,UTA,H,PHO,L (-14),1,37:00,1,2,.500,0,0,,4,4,1.000,2,6,8,2,0,3,2,4,6,8.1,-3
46,44,1999-04-27,9542,UTA,A,SEA,L (-5),1,18:11,1,3,.333,0,0,,0,0,,1,3,4,0,1,2,0,2,2,3.5,-21
47,45,1999-04-29,9544,UTA,H,GSW,W (+11),1,33:00,2,6,.333,0,0,,1,2,.500,3,3,6,1,1,7,2,3,5,7.6,+15
48,46,1999-04-30,9545,UTA,A,HOU,W (+13),1,38:31,3,5,.600,0,0,,1,4,.250,2,7,9,0,0,7,1,4,7,9.3,+16
49,47,1999-05-02,9547,UTA,A,SAS,L (-6),1,30:32,3,8,.375,0,0,,1,2,.500,1,3,4,0,0,1,2,4,7,0.9,-8
50,48,1999-05-04,9549,UTA,H,LAC,W (+17),1,32:34,3,6,.500,0,0,,0,0,,3,6,9,0,0,5,1,2,6,8.6,+30
1,1,1999-11-02,9731,UTA,H,LAL,L (-7),0,28:38,2,5,.400,0,0,,3,5,.600,2,5,7,0,1,4,3,4,7,5.6,-5
2,2,1999-11-04,9733,UTA,H,HOU,W (+16),0,29:16,3,6,.500,0,0,,2,5,.400,4,6,10,0,1,3,2,3,8,8.3,+12
3,3,1999-11-06,9735,UTA,A,SEA,L (-5),0,1:00,0,1,.000,0,0,,0,0,,1,0,1,0,0,0,0,0,0,0.0,+3
4,4,1999-11-08,9737,UTA,A,LAC,W (+15),0,25:44,2,4,.500,0,0,,2,2,1.000,2,6,8,0,1,4,2,4,6,7.4,+7
5,5,1999-11-09,9738,UTA,H,POR,W (+5),0,24:44,1,3,.333,0,0,,3,4,.750,2,0,2,0,0,2,1,0,5,4.7,+10
6,6,1999-11-12,9741,UTA,A,SAC,L (-13),0,26:57,3,7,.429,0,0,,4,4,1.000,4,9,13,1,0,0,3,4,10,7.9,-6
7,7,1999-11-15,9744,UTA,H,SAS,W (+6),0,22:37,1,1,1.000,0,0,,0,2,.000,0,11,11,0,0,2,2,5,2,1.6,+8
8,8,1999-11-17,9746,UTA,H,NYK,W (+8),0,21:28,2,3,.667,0,0,,1,4,.250,6,2,8,0,0,2,0,5,5,6.7,+3
9,9,1999-11-19,9748,UTA,A,MIN,L (-5),0,24:00,3,4,.750,0,0,,0,0,,2,8,10,0,0,0,0,4,6,6.6,+6
10,10,1999-11-20,9749,UTA,A,MIL,W (+11),0,26:34,2,2,1.000,0,0,,1,3,.333,1,5,6,1,0,2,0,4,5,6.3,+2
11,11,1999-11-22,9751,UTA,H,MIN,W (+15),0,28:32,4,6,.667,0,0,,1,4,.250,2,3,5,0,0,0,0,2,9,6.7,+21
12,12,1999-11-24,9753,UTA,A,LAL,L (-8),0,24:53,1,2,.500,0,0,,3,4,.750,2,3,5,0,0,4,0,5,5,6.7,+6
13,13,1999-11-26,9755,UTA,H,TOR,L (-13),1,18:25,1,4,.250,0,0,,0,0,,1,1,2,0,1,0,1,3,2,-0.6,0
14,14,1999-11-29,9758,UTA,H,GSW,W (+16),1,23:12,1,2,.500,0,0,,2,2,1.000,1,5,6,0,1,1,1,3,4,4.7,+32
15,15,1999-12-03,9762,UTA,H,IND,L (-25),1,11:39,1,4,.250,0,0,,0,1,.000,2,3,5,0,1,1,1,2,2,1.4,-18
17,16,1999-12-06,9765,UTA,H,WAS,W (+6),0,21:10,1,2,.500,0,0,,1,2,.500,0,2,2,0,0,5,1,3,3,3.5,-7
18,17,1999-12-08,9767,UTA,H,DAL,W (+6),0,19:40,1,1,1.000,0,0,,0,0,,2,4,6,1,0,4,0,2,2,7.0,-4
19,18,1999-12-10,9769,UTA,H,SEA,W (+18),0,18:22,5,7,.714,0,0,,1,3,.333,7,2,9,1,0,4,1,2,11,14.5,-4
20,19,1999-12-12,9771,UTA,A,TOR,W (+15),0,14:21,5,5,1.000,0,0,,0,0,,1,2,3,0,0,0,1,1,10,8.4,+3
21,20,1999-12-14,9773,UTA,A,WAS,W (+21),0,17:57,2,4,.500,0,0,,0,1,.000,3,3,6,0,0,2,3,2,4,2.2,-4
22,21,1999-12-15,9774,UTA,A,BOS,W (+10),0,24:00,1,1,1.000,0,0,,2,4,.500,4,7,11,0,0,2,2,2,4,6.4,+15
23,22,1999-12-17,9776,UTA,A,IND,L (-15),0,13:19,1,1,1.000,0,0,,1,2,.500,1,3,4,0,0,0,0,2,3,3.1,-5
24,23,1999-12-18,9777,UTA,A,ATL,W (+10),0,5:15,0,0,,0,0,,0,0,,1,0,1,0,0,0,1,3,0,-1.5,-8
25,24,1999-12-20,9779,UTA,A,ORL,L (-2),0,16:58,1,1,1.000,0,0,,4,4,1.000,1,3,4,0,0,0,1,3,6,5.1,+11
26,25,1999-12-22,9781,UTA,A,MIA,L (-2),0,14:13,0,2,.000,0,0,,2,4,.500,0,3,3,0,0,1,1,1,2,0.0,-1
27,26,1999-12-27,9786,UTA,H,PHO,W (+1),0,12:00,1,2,.500,0,0,,3,4,.750,2,0,2,0,1,2,0,0,5,7.4,-3
28,27,1999-12-29,9788,UTA,H,VAN,W (+11),0,21:57,1,3,.333,0,0,,0,0,,2,2,4,0,0,1,1,1,2,1.6,+2
29,28,2000-01-03,9793,UTA,H,DEN,W (+20),0,15:21,1,3,.333,0,0,,0,0,,4,0,4,1,0,4,0,3,2,5.4,-10
30,29,2000-01-05,9795,UTA,H,CHH,W (+22),0,17:47,2,3,.667,0,0,,2,3,.667,1,4,5,0,0,2,3,4,6,3.0,+8
31,30,2000-01-06,9796,UTA,A,DAL,W (+13),0,15:28,2,3,.667,0,0,,4,5,.800,4,2,6,0,0,0,0,1,8,9.3,+8
32,31,2000-01-08,9798,UTA,A,HOU,W (+16),0,17:00,2,5,.400,0,0,,0,0,,3,4,7,0,1,1,2,5,4,2.3,+5
33,32,2000-01-10,9800,UTA,A,SAS,L (-7),0,20:02,2,6,.333,0,0,,0,0,,1,3,4,0,0,3,0,5,4,2.3,-3
34,33,2000-01-13,9803,UTA,H,MIA,W (+10),0,14:26,1,2,.500,0,0,,0,4,.000,2,3,5,0,0,1,0,2,2,1.6,-11
35,34,2000-01-15,9805,UTA,H,LAC,W (+37),0,19:37,5,7,.714,0,0,,0,1,.000,3,4,7,1,0,3,0,3,10,11.6,+26
36,35,2000-01-19,9809,UTA,H,MIN,L (-3),0,18:25,1,2,.500,0,0,,1,4,.250,3,9,12,0,0,3,0,0,3,7.7,+11
37,36,2000-01-20,9810,UTA,A,VAN,W (+5),0,17:52,1,1,1.000,0,0,,4,4,1.000,0,3,3,0,0,2,3,2,6,4.2,-10
38,37,2000-01-22,9812,UTA,A,SAC,W (+3),0,9:08,3,4,.750,0,0,,0,0,,2,2,4,1,0,1,1,3,6,5.6,+4
39,38,2000-01-24,9814,UTA,H,LAL,W (+4),0,39:56,2,5,.400,0,0,,1,2,.500,3,11,14,0,1,2,0,5,5,7.7,+9
40,39,2000-01-26,9816,UTA,H,VAN,L (-17),0,15:25,0,0,,0,0,,1,2,.500,0,3,3,0,0,2,1,1,1,1.5,-3
41,40,2000-01-27,9817,UTA,A,POR,L (-10),0,6:11,2,2,1.000,0,0,,0,0,,0,1,1,0,0,0,0,0,4,3.7,-5
42,41,2000-01-29,9819,UTA,A,MIN,L (-2),0,16:58,0,0,,0,0,,0,0,,2,4,6,0,0,2,3,1,0,0.6,-6
43,42,2000-02-01,9822,UTA,H,SEA,L (-8),0,11:48,1,4,.250,0,0,,2,2,1.000,1,1,2,0,0,0,2,0,4,0.6,-10
44,43,2000-02-03,9824,UTA,H,MIL,L (-3),0,28:45,0,4,.000,0,0,,1,2,.500,3,4,7,0,1,2,1,1,1,2.1,+8
45,44,2000-02-04,9825,UTA,A,LAL,L (-46),0,15:43,1,4,.250,0,0,,8,8,1.000,0,4,4,0,0,2,1,4,10,7.6,-9
46,45,2000-02-06,9827,UTA,H,SAS,W (+3),0,27:35,1,3,.333,0,0,,0,0,,2,5,7,0,2,3,1,3,2,5.1,+7
47,46,2000-02-09,9830,UTA,H,CHI,W (+27),0,23:01,4,9,.444,0,0,,3,5,.600,1,4,5,1,0,4,0,2,11,10.1,+15
48,47,2000-02-15,9836,UTA,H,BOS,L (-2),0,20:58,2,4,.500,0,0,,0,0,,2,4,6,0,0,4,2,0,4,5.4,+12
49,48,2000-02-17,9838,UTA,H,SAC,W (+11),0,25:39,1,1,1.000,0,0,,4,6,.667,3,4,7,1,1,4,0,2,6,11.9,+7
50,49,2000-02-19,9840,UTA,H,DET,W (+4),0,14:07,2,2,1.000,0,0,,0,0,,2,2,4,0,0,1,1,0,4,5.1,+3
51,50,2000-02-21,9842,UTA,H,ATL,W (+2),0,13:39,1,3,.333,0,0,,0,0,,1,2,3,0,0,0,0,1,2,1.2,-12
52,51,2000-02-24,9845,UTA,A,DAL,W (+7),0,27:55,1,2,.500,0,0,,0,0,,2,8,10,0,0,6,1,1,2,7.6,0
53,52,2000-02-25,9846,UTA,H,ORL,W (+8),0,23:18,3,8,.375,0,0,,5,7,.714,4,2,6,0,1,6,0,3,11,13.2,+6
54,53,2000-02-27,9848,UTA,A,POR,L (-9),0,16:01,3,4,.750,0,0,,0,2,.000,1,2,3,0,0,0,1,5,6,1.9,+1
55,54,2000-02-28,9849,UTA,H,NJN,W (+5),0,8:07,0,2,.000,0,0,,0,0,,0,0,0,0,0,1,1,1,0,-2.1,-2
56,55,2000-03-01,9851,UTA,A,DET,W (+13),0,20:41,2,3,.667,0,0,,3,6,.500,1,7,8,0,0,5,2,5,7,6.8,+4
57,56,2000-03-03,9853,UTA,A,CHH,W (+2),0,18:36,0,6,.000,0,0,,2,4,.500,4,3,7,1,0,1,2,4,2,-1.5,-7
58,57,2000-03-05,9855,UTA,A,NYK,W (+9),0,18:17,1,2,.500,0,0,,1,2,.500,2,4,6,0,0,0,1,3,3,2.0,-4
59,58,2000-03-07,9856,UTA,H,CLE,W (+18),0,12:26,2,3,.667,0,0,,0,0,,3,2,5,1,0,1,0,2,4,6.0,-5
60,59,2000-03-09,9858,UTA,H,HOU,W (+19),0,23:50,1,3,.333,0,0,,0,0,,2,6,8,1,0,3,0,1,2,5.9,+9
61,60,2000-03-10,9859,UTA,A,PHO,W (+3),0,23:41,0,2,.000,0,0,,2,4,.500,2,7,9,0,0,1,0,2,2,3.2,+2
62,61,2000-03-13,9862,UTA,A,CHI,W (+8),0,28:00,1,5,.200,0,0,,0,0,,4,6,10,0,1,3,1,4,2,4.0,+1
63,62,2000-03-16,9865,UTA,A,CLE,W (+21),0,16:03,1,1,1.000,0,0,,4,6,.667,3,1,4,0,0,3,1,3,6,7.2,+8
64,63,2000-03-17,9866,UTA,A,PHI,L (-2),0,24:16,1,3,.333,0,0,,2,2,1.000,1,2,3,1,0,3,2,2,4,3.6,-14
65,64,2000-03-19,9868,UTA,A,NJN,W (+4),0,18:16,1,2,.500,0,0,,6,6,1.000,1,3,4,0,1,0,0,1,8,9.2,+9
66,65,2000-03-21,9870,UTA,H,DEN,W (+13),0,21:25,3,5,.600,0,0,,0,1,.000,2,3,5,0,1,4,2,1,6,7.0,0
67,66,2000-03-24,9873,UTA,A,SEA,W (+3),0,24:36,3,4,.750,0,0,,1,1,1.000,4,8,12,0,0,0,1,5,7,7.6,+4
68,67,2000-03-25,9874,UTA,A,VAN,W (+9),0,27:20,0,1,.000,0,0,,1,2,.500,2,2,4,1,1,2,2,2,1,2.2,+7
69,68,2000-03-27,9876,UTA,H,DAL,L (-8),0,15:06,2,2,1.000,0,0,,0,0,,1,0,1,0,0,3,3,1,4,2.8,+4
70,69,2000-03-29,9878,UTA,H,PHI,W (+14),0,24:31,2,5,.400,0,0,,0,0,,4,9,13,1,1,3,1,3,4,8.4,+7
71,70,2000-03-31,9880,UTA,H,GSW,W (+17),0,21:58,2,3,.667,0,0,,1,2,.500,2,6,8,0,0,6,1,1,5,9.3,+9
72,71,2000-04-01,9881,UTA,A,DEN,L (-20),0,17:02,1,4,.250,0,0,,1,2,.500,2,2,4,0,0,1,0,3,3,1.7,+8
73,72,2000-04-04,9884,UTA,A,LAC,W (+10),0,24:28,2,4,.500,0,0,,1,3,.333,5,6,11,0,1,2,1,0,5,8.9,+13
74,73,2000-04-06,9886,UTA,H,PHO,W (+20),0,16:31,1,3,.333,0,0,,3,4,.750,2,3,5,1,0,2,0,3,5,6.1,+8
75,74,2000-04-07,9887,UTA,A,GSW,W (+21),0,19:47,2,5,.400,0,0,,2,2,1.000,2,7,9,1,0,2,0,1,6,8.5,+7
76,75,2000-04-09,9889,UTA,A,HOU,L (-9),0,29:58,2,5,.400,0,0,,3,3,1.000,4,5,9,0,0,3,1,3,7,8.5,-10
77,76,2000-04-10,9890,UTA,H,POR,L (-4),0,24:55,0,0,,0,0,,4,6,.667,0,5,5,0,0,5,1,3,4,6.0,+6
78,77,2000-04-12,9892,UTA,H,LAC,W (+9),0,25:48,0,4,.000,0,0,,2,2,1.000,4,3,7,0,0,4,2,3,2,2.5,+2
79,78,2000-04-15,9895,UTA,A,SAS,L (-23),0,17:44,0,2,.000,0,0,,0,0,,0,2,2,0,0,2,0,6,0,-1.8,-15
80,79,2000-04-16,9896,UTA,A,PHO,W (+14),0,8:35,1,3,.333,0,0,,0,0,,2,2,4,0,0,3,0,0,2,4.4,-2
81,80,2000-04-18,9898,UTA,A,DEN,L (-1),0,22:21,0,6,.000,0,0,,4,4,1.000,5,8,13,1,0,4,3,6,4,3.8,-6
82,81,2000-04-19,9899,UTA,H,SAC,W (+9),0,19:48,3,5,.600,0,1,.000,4,4,1.000,2,5,7,0,0,1,0,0,10,11.3,-7
1,1,2000-10-31,10094,UTA,H,LAC,W (+13),0,16:18,0,1,.000,0,0,,2,4,.500,2,4,6,1,1,0,1,4,2,2.2,0
2,2,2000-11-01,10095,UTA,A,LAL,W (+5),0,21:56,0,0,,0,0,,1,2,.500,0,6,6,0,1,1,1,6,1,0.7,0
3,3,2000-11-04,10098,UTA,A,DAL,W (+6),0,7:48,0,0,,0,0,,0,0,,0,1,1,1,0,0,2,3,0,-2.2,0
4,4,2000-11-06,10100,UTA,H,MIN,W (+6),0,15:28,0,0,,0,0,,0,0,,0,3,3,0,0,2,1,0,0,1.3,-4
5,5,2000-11-08,10102,UTA,A,LAC,W (+6),0,22:49,4,4,1.000,0,0,,0,0,,4,2,6,0,0,3,4,4,8,6.7,-1
6,6,2000-11-10,10104,UTA,H,MIA,L (-7),0,16:31,1,1,1.000,0,0,,2,3,.667,1,3,4,0,0,0,1,3,4,2.7,+3
7,7,2000-11-14,10108,UTA,A,SAS,L (-7),0,19:19,0,0,,0,0,,0,0,,0,4,4,1,0,2,0,3,0,2.1,+2
8,8,2000-11-16,10110,UTA,H,ORL,W (+15),0,10:57,2,2,1.000,0,0,,1,2,.500,0,5,5,0,0,1,0,1,5,5.8,+8
9,9,2000-11-18,10112,UTA,H,CHI,W (+45),0,25:58,4,5,.800,0,0,,3,7,.429,1,6,7,0,0,8,0,1,11,15.2,+34
10,10,2000-11-20,10114,UTA,H,DAL,L (-9),0,19:24,1,7,.143,0,0,,4,6,.667,4,1,5,0,0,0,1,2,6,2.0,-9
11,11,2000-11-22,10116,UTA,H,DEN,W (+38),0,24:00,4,7,.571,0,0,,1,2,.500,1,3,4,0,2,1,0,2,9,8.8,+22
12,12,2000-11-24,10118,UTA,H,NJN,W (+12),0,17:25,2,2,1.000,0,0,,3,4,.750,2,4,6,0,0,4,1,6,7,8.0,+12
13,13,2000-11-26,10120,UTA,A,DET,W (+15),0,15:26,1,2,.500,0,0,,0,0,,1,4,5,0,0,1,0,2,2,2.8,+2
14,14,2000-11-28,10122,UTA,A,NJN,W (+6),0,18:47,3,6,.500,0,0,,0,0,,1,2,3,0,0,2,2,3,6,2.5,+3
15,15,2000-11-29,10123,UTA,A,ORL,W (+2),0,7:35,0,0,,0,0,,1,2,.500,0,2,2,0,1,0,0,1,1,1.8,0
16,16,2000-12-01,10125,UTA,A,MIA,W (+2),0,18:04,2,2,1.000,0,0,,4,4,1.000,3,2,5,0,0,3,1,3,8,10.0,+6
17,17,2000-12-02,10126,UTA,A,CHH,L (-5),0,16:49,0,1,.000,0,0,,4,7,.571,1,2,3,0,0,1,1,2,4,2.3,-2
18,18,2000-12-05,10129,UTA,H,TOR,W (+14),0,21:37,3,4,.750,0,0,,1,4,.250,3,1,4,0,0,5,2,5,7,6.1,-9
19,19,2000-12-07,10131,UTA,H,VAN,W (+11),0,20:16,2,3,.667,0,0,,1,2,.500,2,7,9,0,0,2,0,3,5,7.0,+10
20,20,2000-12-09,10133,UTA,H,GSW,W (+11),0,18:36,2,5,.400,0,0,,4,4,1.000,3,6,9,1,0,1,1,2,8,8.8,+9
21,21,2000-12-11,10135,UTA,H,SAS,L (-8),0,17:47,1,5,.200,0,0,,1,2,.500,2,3,5,0,2,4,2,3,3,3.4,+5
22,22,2000-12-13,10137,UTA,H,MIL,L (-9),0,25:47,1,3,.333,0,0,,3,4,.750,3,6,9,0,1,1,2,2,5,5.7,-19
23,23,2000-12-15,10139,UTA,A,NYK,W (+31),0,19:53,3,5,.600,0,0,,0,0,,2,7,9,0,0,0,0,0,6,7.2,+19
24,24,2000-12-16,10140,UTA,A,CLE,L (-7),0,18:28,2,5,.400,0,0,,1,2,.500,3,2,5,0,0,1,1,2,5,3.5,-7
25,25,2000-12-19,10143,UTA,A,TOR,L (-8),0,10:49,2,5,.400,0,0,,0,0,,2,2,4,1,0,0,0,2,4,3.2,-9
26,26,2000-12-20,10144,UTA,A,PHI,W (+2),0,13:49,2,3,.667,0,0,,3,3,1.000,1,1,2,0,0,1,2,4,7,3.8,+3
27,27,2000-12-22,10146,UTA,A,IND,W (+8),0,16:38,1,3,.333,0,0,,0,0,,3,2,5,0,0,2,1,3,2,2.2,-10
28,28,2000-12-23,10147,UTA,A,MIN,W (+6),0,7:35,0,0,,0,0,,0,0,,0,1,1,0,0,1,0,2,0,0.2,+5
29,29,2000-12-26,10150,UTA,H,PHI,L (-6),0,10:15,0,1,.000,0,0,,1,2,.500,1,1,2,0,0,1,0,2,1,0.8,-3
30,30,2000-12-28,10152,UTA,H,POR,L (-1),0,18:58,1,1,1.000,0,0,,0,2,.000,1,3,4,0,0,1,0,4,2,1.6,-7
31,31,2000-12-29,10153,UTA,A,GSW,L (-11),0,11:29,2,4,.500,0,0,,1,2,.500,2,1,3,0,0,0,1,0,5,3.3,-3
32,32,2001-01-03,10158,UTA,A,LAL,L (-11),0,21:55,0,2,.000,0,0,,0,2,.000,0,3,3,1,0,1,1,3,0,-2.1,-15
33,33,2001-01-05,10160,UTA,A,DEN,L (-13),1,25:42,2,2,1.000,0,0,,0,0,,4,1,5,0,0,4,1,3,4,7.1,-6
34,34,2001-01-06,10161,UTA,A,HOU,W (+2),1,11:29,0,1,.000,0,0,,0,0,,0,2,2,0,1,0,0,1,0,0.5,+2
35,35,2001-01-09,10164,UTA,H,IND,W (+4),0,15:52,1,5,.200,0,0,,0,1,.000,5,5,10,1,1,2,1,1,2,5.2,-2
36,36,2001-01-13,10168,UTA,H,LAL,W (+8),0,13:50,1,4,.250,0,0,,1,1,1.000,0,2,2,0,0,1,0,4,3,0.3,+5
38,37,2001-01-17,10172,UTA,H,MIN,L (-8),1,33:46,2,5,.400,0,0,,0,2,.000,5,4,9,0,1,3,1,2,4,6.5,-7
39,38,2001-01-21,10176,UTA,H,PHO,W (+11),0,27:25,3,4,.750,0,0,,4,5,.800,1,6,7,1,0,3,1,5,10,10.3,+9
40,39,2001-01-23,10178,UTA,H,GSW,W (+22),0,31:18,3,9,.333,0,0,,5,7,.714,2,3,5,1,0,7,2,5,11,9.0,+10
41,40,2001-01-25,10180,UTA,H,DEN,W (+2),0,21:22,0,4,.000,0,0,,0,0,,3,3,6,0,0,3,0,4,0,0.7,+3
42,41,2001-01-27,10182,UTA,H,SAS,L (-13),0,12:51,1,4,.250,0,0,,0,0,,2,2,4,0,0,0,1,4,2,-1.0,+1
43,42,2001-01-29,10184,UTA,A,DEN,W (+6),0,24:35,3,4,.750,0,0,,2,2,1.000,0,1,1,0,0,2,0,3,8,6.9,-1
44,43,2001-01-30,10185,UTA,A,SEA,W (+14),0,9:44,0,1,.000,0,0,,0,2,.000,0,0,0,0,0,1,1,1,0,-2.2,+7
45,44,2001-02-01,10187,UTA,H,CHH,W (+11),0,18:58,3,5,.600,0,0,,0,0,,2,4,6,0,0,2,0,3,6,6.5,+8
46,45,2001-02-03,10189,UTA,H,SEA,W (+20),0,25:25,4,6,.667,0,0,,5,6,.833,3,2,5,0,0,5,2,3,13,13.0,+11
47,46,2001-02-07,10193,UTA,A,VAN,W (+10),0,10:23,0,1,.000,0,0,,0,0,,0,1,1,0,0,0,1,2,0,-2.2,-6
48,47,2001-02-13,10199,UTA,H,SAC,L (-3),0,18:36,0,4,.000,0,0,,0,0,,7,3,10,1,0,1,1,3,0,2.2,-11
49,48,2001-02-14,10200,UTA,H,NYK,W (+16),0,24:59,2,5,.400,0,0,,1,3,.333,6,5,11,0,1,2,1,3,5,7.4,+8
50,49,2001-02-18,10204,UTA,A,SAC,W (+4),0,9:01,0,2,.000,0,0,,0,0,,3,1,4,0,0,0,1,1,0,-0.4,-3
51,50,2001-02-19,10205,UTA,H,BOS,W (+15),0,15:23,3,5,.600,0,0,,2,3,.667,2,3,5,0,0,1,0,2,8,7.5,-6
52,51,2001-02-22,10208,UTA,A,POR,W (+6),0,8:50,0,0,,0,0,,1,2,.500,1,3,4,0,0,0,1,0,1,1.2,-1
53,52,2001-02-23,10209,UTA,A,SEA,W (+12),0,18:46,2,4,.500,0,0,,0,2,.000,5,4,9,1,0,1,0,1,4,6.9,+10
54,53,2001-02-25,10211,UTA,A,PHO,L (-10),0,14:05,0,0,,0,0,,2,2,1.000,0,2,2,0,0,4,0,1,2,5.0,-9
55,54,2001-02-26,10212,UTA,H,ATL,W (+17),0,24:39,2,3,.667,0,0,,0,0,,3,6,9,1,0,5,0,4,4,9.2,+9
56,55,2001-02-28,10214,UTA,H,VAN,W (+18),0,18:07,3,4,.750,0,0,,0,0,,2,5,7,0,0,5,1,1,6,9.4,-2
57,56,2001-03-02,10216,UTA,A,BOS,L (-4),0,28:49,8,12,.667,0,0,,2,2,1.000,6,4,10,0,0,4,1,3,18,18.8,-9
58,57,2001-03-04,10218,UTA,A,WAS,W (+20),0,25:04,5,7,.714,0,0,,2,4,.500,1,2,3,0,0,3,1,4,12,9.1,+12
59,58,2001-03-05,10219,UTA,A,ATL,W (+7),0,22:40,2,3,.667,0,0,,0,0,,3,2,5,0,0,4,1,4,4,5.6,+6
60,59,2001-03-07,10221,UTA,H,SEA,W (+4),0,28:32,2,6,.333,0,0,,0,2,.000,0,8,8,1,0,5,0,3,4,5.2,+13
61,60,2001-03-09,10223,UTA,H,PHO,W (+12),0,21:06,2,4,.500,0,0,,2,4,.500,1,6,7,0,1,3,1,0,6,7.8,-1
62,61,2001-03-11,10225,UTA,A,SAC,L (-15),0,13:44,0,3,.000,0,1,.000,0,0,,1,2,3,0,0,2,1,1,0,-0.8,-3
63,62,2001-03-14,10228,UTA,A,GSW,W (+19),0,18:16,0,2,.000,0,0,,0,0,,0,3,3,0,0,2,1,1,0,-0.5,+9
64,63,2001-03-16,10230,UTA,A,POR,L (-3),0,19:35,3,5,.600,1,1,1.000,0,2,.000,2,1,3,1,1,0,1,1,7,5.9,-6
65,64,2001-03-18,10232,UTA,A,LAC,W (+15),0,5:11,0,0,,0,0,,0,0,,0,0,0,0,1,0,1,1,0,-0.4,+1
66,65,2001-03-20,10234,UTA,H,DET,W (+5),0,16:10,1,1,1.000,0,0,,0,0,,1,1,2,0,0,2,0,2,2,3.3,+8
67,66,2001-03-22,10236,UTA,H,POR,L (-2),0,11:41,1,1,1.000,0,0,,0,0,,1,0,1,0,0,1,1,1,2,1.7,-2
68,67,2001-03-24,10238,UTA,H,WAS,W (+26),0,27:13,4,6,.667,0,0,,1,2,.500,0,3,3,1,1,3,3,4,9,6.1,-3
69,68,2001-03-26,10240,UTA,H,DAL,L (-8),0,19:41,2,6,.333,0,0,,3,4,.750,3,2,5,1,0,3,0,3,7,7.5,+11
70,69,2001-03-27,10241,UTA,A,HOU,L (-23),0,24:50,0,4,.000,0,0,,0,0,,3,3,6,1,1,0,1,5,0,-1.1,-12
71,70,2001-03-29,10243,UTA,A,SAS,L (-18),0,21:55,3,7,.429,0,0,,1,4,.250,3,2,5,2,0,0,0,4,7,4.6,-4
72,71,2001-03-30,10244,UTA,H,CLE,W (+7),0,19:39,3,4,.750,0,0,,0,0,,4,7,11,1,2,2,0,5,6,11.4,+6
73,72,2001-04-01,10246,UTA,A,VAN,W (+19),0,22:08,1,2,.500,0,0,,0,0,,2,8,10,0,0,1,0,2,2,4.7,+1
74,73,2001-04-03,10248,UTA,H,LAL,L (-8),0,11:00,0,1,.000,0,0,,0,0,,1,5,6,0,0,1,0,5,0,0.2,-6
75,74,2001-04-05,10250,UTA,H,SAC,L (-6),0,17:25,0,2,.000,0,0,,0,0,,3,3,6,0,1,1,0,1,0,2.9,-10
76,75,2001-04-07,10252,UTA,A,DAL,W (+13),0,10:42,1,4,.250,0,0,,0,0,,5,1,6,0,1,0,1,3,2,2.2,+1
77,76,2001-04-09,10254,UTA,H,HOU,W (+15),0,12:49,1,2,.500,0,0,,0,0,,2,1,3,0,1,0,0,2,2,2.9,+3
78,77,2001-04-12,10257,UTA,A,MIL,L (-22),0,22:45,4,8,.500,0,0,,0,0,,1,7,8,2,0,0,1,6,8,4.8,-11
79,78,2001-04-13,10258,UTA,A,CHI,W (+11),0,12:21,1,1,1.000,0,0,,0,2,.000,1,1,2,0,0,0,0,4,2,0.3,+2
80,79,2001-04-15,10260,UTA,A,MIN,L (-7),0,12:36,2,6,.333,0,0,,3,6,.500,7,2,9,0,0,0,1,3,7,5.7,-14
81,80,2001-04-17,10262,UTA,H,LAC,W (+5),0,18:58,2,2,1.000,0,0,,0,0,,2,4,6,0,0,2,0,3,4,6.2,-9
82,81,2001-04-18,10263,UTA,A,PHO,L (-5),0,39:55,10,11,.909,0,0,,5,9,.556,6,5,11,0,0,1,2,4,25,22.5,-12
1,1,2001-10-30,10458,UTA,H,MIL,L (-7),1,18:41,3,5,.600,0,0,,2,3,.667,1,6,7,0,0,3,1,3,8,7.7,-5
2,2,2001-11-01,10460,UTA,H,LAL,L (-4),1,17:16,1,5,.200,0,0,,4,6,.667,2,1,3,0,0,0,0,2,6,3.0,-12
3,3,2001-11-03,10462,UTA,A,SEA,W (+17),1,12:14,1,2,.500,0,0,,0,1,.000,0,1,1,0,0,0,0,0,2,0.9,-6
4,4,2001-11-04,10463,UTA,A,LAL,L (-4),1,15:09,0,1,.000,0,0,,0,0,,0,3,3,1,0,3,1,4,0,0.4,+7
5,5,2001-11-06,10465,UTA,A,POR,L (-18),1,14:51,1,2,.500,0,0,,1,2,.500,3,0,3,1,0,0,0,3,3,3.2,-12
6,6,2001-11-07,10466,UTA,H,ATL,W (+7),1,15:41,2,4,.500,0,0,,0,0,,0,3,3,0,1,3,0,2,4,5.2,+2
7,7,2001-11-10,10469,UTA,H,TOR,L (-21),1,18:15,0,4,.000,0,0,,1,2,.500,3,4,7,2,0,0,1,3,1,0.3,-15
8,8,2001-11-12,10471,UTA,H,ORL,W (+7),1,35:19,4,9,.444,0,0,,6,10,.600,3,9,12,3,0,8,0,2,14,19.4,+12
9,9,2001-11-14,10473,UTA,A,ATL,L (-32),1,21:06,4,6,.667,0,0,,1,2,.500,2,1,3,0,0,1,2,0,9,6.4,-15
10,10,2001-11-16,10475,UTA,A,WAS,W (+9),1,16:44,0,1,.000,0,0,,0,0,,1,2,3,1,0,3,1,1,0,2.0,+9
11,11,2001-11-17,10476,UTA,A,MIL,L (-11),1,26:11,4,8,.500,0,0,,4,6,.667,5,3,8,1,1,1,2,1,12,11.6,+3
12,12,2001-11-21,10480,UTA,H,NJN,L (-1),1,34:35,0,5,.000,0,0,,1,6,.167,4,2,6,1,0,3,1,2,1,-0.1,-3
13,13,2001-11-23,10482,UTA,H,LAC,W (+5),1,12:14,0,0,,0,0,,0,0,,1,2,3,1,0,2,1,1,0,2.0,-7
14,14,2001-11-26,10485,UTA,H,PHO,L (-7),1,6:32,0,0,,0,0,,0,0,,0,3,3,0,0,0,0,1,0,0.5,+2
15,15,2001-11-28,10487,UTA,H,SEA,W (+24),0,19:12,4,4,1.000,0,0,,0,0,,3,5,8,2,0,6,0,4,8,14.4,+20
16,16,2001-11-30,10489,UTA,A,PHO,L (-22),0,10:35,2,4,.500,0,0,,2,2,1.000,1,2,3,0,0,2,0,2,6,5.9,-3
17,17,2001-12-01,10490,UTA,H,IND,L (-3),0,31:33,5,11,.455,0,0,,2,2,1.000,10,3,13,1,0,1,1,2,12,13.8,+3
18,18,2001-12-04,10493,UTA,H,CHH,W (+4),0,13:43,2,3,.667,0,0,,0,2,.000,2,1,3,0,0,4,0,4,4,4.8,-7
19,19,2001-12-07,10496,UTA,A,LAC,W (+16),0,4:22,0,1,.000,0,0,,1,2,.500,1,3,4,0,0,0,0,1,1,1.1,-4
20,20,2001-12-08,10497,UTA,H,GSW,W (+10),0,11:46,1,2,.500,0,0,,0,0,,1,2,3,1,0,1,1,4,2,1.1,-4
22,21,2001-12-12,10501,UTA,H,MIN,L (-11),0,17:51,2,2,1.000,0,0,,0,0,,1,1,2,0,0,1,1,2,4,3.3,-8
23,22,2001-12-14,10503,UTA,H,POR,W (+8),0,21:21,2,5,.400,0,0,,0,0,,3,4,7,1,2,2,0,3,4,7.5,-1
24,23,2001-12-15,10504,UTA,A,SAS,L (-20),0,8:37,0,2,.000,0,0,,1,2,.500,0,2,2,0,0,0,0,3,1,-1.4,-11
25,24,2001-12-18,10507,UTA,A,MIA,W (+39),0,33:01,2,4,.500,0,0,,1,2,.500,4,3,7,4,0,4,0,1,5,11.5,+20
26,25,2001-12-19,10508,UTA,A,ORL,L (-8),0,12:38,1,2,.500,0,0,,0,0,,2,2,4,1,0,1,0,3,2,3.2,-7
27,26,2001-12-21,10510,UTA,A,BOS,L (-6),0,5:53,0,2,.000,0,0,,0,0,,1,0,1,0,0,1,0,0,0,0.0,+4
28,27,2001-12-22,10511,UTA,A,NJN,W (+14),0,31:08,2,2,1.000,0,0,,3,4,.750,4,5,9,0,1,2,1,5,7,9.7,+16
29,28,2001-12-26,10515,UTA,H,BOS,W (+13),0,27:34,4,9,.444,0,0,,0,2,.000,4,4,8,2,0,6,0,2,8,11.3,+10
30,29,2001-12-27,10516,UTA,A,POR,W (+12),0,29:54,2,6,.333,0,0,,2,3,.667,5,9,14,4,2,0,0,6,6,10.8,+17
31,30,2001-12-29,10518,UTA,H,PHI,W (+8),0,29:11,4,10,.400,0,0,,0,0,,3,6,9,2,1,2,0,3,8,9.1,+12
32,31,2002-01-04,10524,UTA,A,MIN,L (-7),0,12:56,1,1,1.000,0,0,,0,0,,1,3,4,0,0,0,1,3,2,1.1,0
33,32,2002-01-05,10525,UTA,A,CHI,W (+2),0,20:13,0,2,.000,0,0,,5,10,.500,2,2,4,0,0,1,0,3,5,3.1,-9
34,33,2002-01-08,10528,UTA,H,PHO,W (+14),0,22:26,1,4,.250,0,0,,3,6,.500,2,5,7,2,0,5,2,2,5,6.4,+28
35,34,2002-01-10,10530,UTA,H,HOU,W (+4),0,9:07,0,0,,0,0,,0,0,,0,2,2,0,1,0,1,0,0,0.6,-1
36,35,2002-01-12,10532,UTA,H,MEM,L (-2),0,10:27,0,3,.000,0,0,,0,2,.000,5,0,5,0,0,0,1,2,0,-1.2,-5
37,36,2002-01-14,10534,UTA,H,DEN,W (+9),0,13:10,2,3,.667,0,0,,0,0,,1,2,3,1,0,0,1,3,4,2.5,-3
38,37,2002-01-16,10536,UTA,H,SEA,W (+15),0,10:45,0,1,.000,0,0,,0,0,,0,2,2,0,0,0,1,1,0,-1.5,-2
39,38,2002-01-17,10537,UTA,A,SAS,L (-4),0,8:33,1,3,.333,0,0,,0,0,,1,0,1,0,0,1,0,2,2,0.9,-9
41,39,2002-01-21,10541,UTA,A,GSW,W (+2),0,11:14,0,0,,0,0,,0,0,,1,1,2,1,0,1,3,0,0,-0.6,-3
42,40,2002-01-23,10543,UTA,H,SAS,L (-6),0,5:00,0,0,,0,0,,0,0,,0,1,1,0,0,0,1,1,0,-1.1,-5
43,41,2002-01-24,10544,UTA,A,SAC,L (-33),0,13:58,1,4,.250,0,0,,1,4,.250,1,2,3,0,1,0,0,0,3,1.7,-4
44,42,2002-01-26,10546,UTA,H,SAC,L (-24),0,13:15,0,2,.000,0,0,,0,0,,2,2,4,0,0,2,1,2,0,0.2,-12
46,43,2002-01-30,10550,UTA,H,CHI,W (+12),0,7:23,0,2,.000,0,0,,2,2,1.000,1,2,3,0,0,0,2,1,2,-0.5,-7
47,44,2002-02-02,10553,UTA,H,POR,W (+1),0,8:08,1,2,.500,0,0,,0,0,,1,2,3,0,0,2,1,1,2,2.3,0
48,45,2002-02-04,10555,UTA,A,HOU,L (-7),0,11:02,4,5,.800,0,0,,0,1,.000,2,1,3,1,0,0,0,2,8,7.3,+3
49,46,2002-02-05,10556,UTA,A,MEM,L (-7),0,4:15,0,0,,0,0,,0,0,,0,0,0,0,0,0,0,3,0,-1.2,+2
51,47,2002-02-14,10565,UTA,A,PHI,W (+7),0,22:15,3,5,.600,0,0,,2,4,.500,5,3,8,1,0,1,0,5,8,8.7,-3
52,48,2002-02-15,10566,UTA,A,TOR,W (+9),0,14:06,3,4,.750,0,0,,0,2,.000,2,4,6,0,0,1,1,3,6,4.7,-5
53,49,2002-02-17,10568,UTA,A,NYK,W (+3),0,10:12,0,1,.000,0,0,,1,4,.250,2,0,2,0,0,0,2,1,1,-1.9,-6
54,50,2002-02-18,10569,UTA,A,CLE,W (+11),0,21:20,2,4,.500,0,0,,0,1,.000,2,6,8,1,0,2,1,5,4,3.9,+18
55,51,2002-02-20,10571,UTA,A,DEN,W (+11),0,16:17,2,3,.667,0,0,,1,3,.333,1,4,5,2,1,0,2,4,5,3.6,+16
56,52,2002-02-26,10577,UTA,A,SAC,L (-26),0,7:53,0,0,,0,0,,0,0,,0,1,1,0,0,0,1,1,0,-1.1,-8
57,53,2002-02-28,10579,UTA,H,MEM,W (+44),0,17:33,1,2,.500,0,0,,2,4,.500,4,6,10,2,1,0,2,4,4,5.6,+25
58,54,2002-03-02,10581,UTA,H,MIN,L (-11),0,7:05,0,0,,0,0,,0,0,,0,2,2,0,0,2,0,2,0,1.2,-1
59,55,2002-03-04,10583,UTA,H,DEN,W (+18),0,10:55,0,1,.000,0,0,,0,2,.000,1,1,2,0,1,2,2,0,0,-0.1,+3
60,56,2002-03-06,10585,UTA,H,LAL,W (+8),0,0:46,0,0,,0,0,,0,0,,0,0,0,0,0,0,0,0,0,0.0,-3
61,57,2002-03-08,10587,UTA,H,NYK,L (-6),0,7:28,0,3,.000,0,0,,0,0,,2,1,3,1,0,0,0,2,0,-0.5,-4
63,58,2002-03-11,10590,UTA,A,MEM,L (-1),0,22:16,2,3,.667,0,0,,1,2,.500,3,3,6,2,0,5,1,0,5,10.2,+11
64,59,2002-03-14,10593,UTA,A,CHH,L (-18),0,18:15,1,3,.333,0,0,,3,4,.750,2,2,4,1,0,1,0,2,5,5.5,-7
66,60,2002-03-17,10596,UTA,A,MIN,W (+7),0,3:12,0,0,,0,0,,0,0,,0,0,0,0,0,1,0,0,0,0.7,-4
68,61,2002-03-21,10600,UTA,H,WAS,W (+15),0,20:43,1,1,1.000,0,0,,1,2,.500,0,4,4,0,0,6,1,2,3,5.9,+13
69,62,2002-03-23,10602,UTA,H,GSW,W (+9),0,11:49,1,3,.333,0,0,,0,0,,1,3,4,1,0,1,2,1,2,0.9,+4
70,63,2002-03-25,10604,UTA,A,SEA,L (-14),0,4:28,0,0,,0,0,,2,2,1.000,1,0,1,0,0,0,0,1,2,2.3,-7
71,64,2002-03-26,10605,UTA,H,HOU,W (+4),0,17:18,4,4,1.000,0,0,,4,6,.667,2,2,4,0,0,0,0,3,12,10.8,+12
72,65,2002-03-28,10607,UTA,H,CLE,W (+21),0,19:16,1,2,.500,0,0,,0,2,.000,1,3,4,2,0,3,2,1,2,2.9,+6
73,66,2002-03-30,10609,UTA,A,LAC,W (+13),0,27:55,4,4,1.000,0,0,,2,3,.667,1,8,9,0,0,3,2,3,10,10.4,+15
74,67,2002-04-02,10612,UTA,A,DEN,L (-8),0,6:31,0,0,,0,0,,0,0,,0,1,1,0,1,2,1,4,0,0.1,+4
75,68,2002-04-03,10613,UTA,H,LAC,W (+12),0,17:23,0,0,,0,0,,1,2,.500,1,5,6,0,0,3,0,4,1,3.3,+17
76,69,2002-04-05,10615,UTA,H,SAC,L (-8),0,17:20,0,2,.000,0,0,,0,2,.000,3,5,8,1,1,3,1,2,0,3.4,-6
77,70,2002-04-08,10618,UTA,H,DAL,L (-9),0,2:30,1,2,.500,0,0,,0,1,.000,0,1,1,0,0,0,1,0,2,-0.1,-1
78,71,2002-04-09,10619,UTA,A,LAL,L (-30),0,12:38,0,0,,0,0,,0,0,,1,1,2,1,0,1,0,3,0,1.2,-13
80,72,2002-04-13,10623,UTA,A,GSW,W (+8),0,6:01,1,1,1.000,0,0,,0,0,,0,1,1,1,0,0,0,1,2,2.3,+7
81,73,2002-04-16,10626,UTA,A,DAL,L (-9),0,7:38,0,0,,0,0,,0,0,,0,2,2,0,0,0,0,0,0,0.6,-1
82,74,2002-04-17,10627,UTA,H,SAS,L (-2),0,4:01,0,0,,0,0,,0,0,,0,0,0,0,0,0,0,2,0,-0.8,-10
1,1,2002-10-30,10823,UTA,A,NOH,L (-25),1,23:03,1,3,.333,0,0,,1,4,.250,2,1,3,1,0,2,0,5,3,1.9,-1
2,2,2002-10-31,10824,UTA,A,ATL,L (-7),1,10:31,2,4,.500,0,0,,1,2,.500,1,3,4,0,0,0,0,2,5,3.4,-9
3,3,2002-11-02,10826,UTA,H,GSW,W (+9),1,12:55,0,1,.000,0,0,,0,0,,1,1,2,1,0,0,1,3,0,-1.2,+1
4,4,2002-11-03,10827,UTA,A,SEA,L (-14),1,20:18,2,4,.500,0,0,,1,4,.250,3,4,7,0,0,2,1,1,5,5.1,+2
5,5,2002-11-06,10830,UTA,H,DET,L (-2),0,28:12,2,4,.500,0,0,,1,2,.500,1,5,6,0,0,3,3,4,5,2.3,-4
6,6,2002-11-08,10832,UTA,H,ATL,W (+13),0,11:17,0,1,.000,0,0,,4,7,.571,0,1,1,0,0,3,1,1,4,3.1,+1
7,7,2002-11-11,10835,UTA,A,BOS,L (-17),0,19:40,1,2,.500,0,0,,4,6,.667,1,5,6,1,0,3,4,1,6,4.8,+15
8,8,2002-11-12,10836,UTA,A,NYK,W (+21),0,18:43,1,2,.500,0,0,,1,4,.250,1,10,11,0,0,3,3,1,3,3.2,+6
9,9,2002-11-14,10838,UTA,A,WAS,L (-3),0,10:55,0,2,.000,0,0,,0,0,,1,5,6,1,0,0,2,2,0,-1.3,-1
10,10,2002-11-15,10839,UTA,A,DET,L (-11),0,32:49,5,9,.556,0,0,,1,2,.500,4,7,11,0,1,1,1,4,11,10.3,-1
11,11,2002-11-17,10841,UTA,A,TOR,W (+4),0,35:34,5,8,.625,0,0,,2,4,.500,5,2,7,0,0,1,4,3,12,7.2,+22
12,12,2002-11-19,10843,UTA,H,PHO,W (+23),1,19:13,4,5,.800,0,0,,1,2,.500,1,5,6,1,0,2,0,3,9,9.8,+7
13,13,2002-11-20,10844,UTA,A,DEN,W (+17),1,27:18,3,5,.600,0,0,,0,0,,1,2,3,1,0,3,2,3,6,4.6,+11
14,14,2002-11-23,10847,UTA,H,CHI,W (+20),1,16:13,2,3,.667,0,0,,0,0,,1,3,4,1,0,3,2,5,4,3.1,+2
15,15,2002-11-26,10850,UTA,A,LAC,W (+5),1,17:40,3,3,1.000,0,0,,0,0,,2,4,6,1,0,1,0,4,6,7.5,-2
16,16,2002-11-29,10853,UTA,H,MIN,W (+18),1,19:14,1,2,.500,0,0,,1,2,.500,2,3,5,1,0,4,0,0,3,7.4,-1
17,17,2002-11-30,10854,UTA,A,SAS,L (-22),1,29:17,3,4,.750,0,0,,1,3,.333,1,7,8,0,0,3,1,6,7,6.1,-3
18,18,2002-12-02,10856,UTA,H,IND,W (+11),1,27:37,3,4,.750,0,0,,1,2,.500,3,3,6,1,0,2,2,0,7,8.1,+11
19,19,2002-12-04,10858,UTA,H,LAL,W (+8),1,34:59,3,7,.429,0,0,,4,6,.667,2,4,6,1,1,1,0,4,10,8.9,+9
20,20,2002-12-06,10860,UTA,H,MEM,W (+33),1,15:09,2,4,.500,0,0,,0,0,,3,1,4,2,1,1,0,3,4,6.3,+22
21,21,2002-12-08,10862,UTA,A,LAL,L (-9),1,2:00,0,0,,0,0,,0,0,,0,0,0,0,0,0,1,1,0,-1.4,-5
22,22,2002-12-12,10866,UTA,H,NOH,L (-5),1,19:45,1,5,.200,0,0,,1,2,.500,2,2,4,1,1,1,4,4,3,-1.7,+1
23,23,2002-12-14,10868,UTA,H,SAC,L (-2),1,17:42,2,5,.400,0,0,,0,0,,4,1,5,0,0,1,2,2,4,2.3,-15
24,24,2002-12-18,10872,UTA,H,ORL,L (-7),1,14:22,1,1,1.000,0,0,,2,2,1.000,0,3,3,0,0,1,2,2,4,2.5,-7
25,25,2002-12-20,10874,UTA,A,DAL,W (+12),1,36:59,5,7,.714,0,0,,6,10,.600,1,5,6,4,1,2,1,5,16,15.9,+21
26,26,2002-12-22,10876,UTA,A,MEM,W (+29),1,18:45,1,3,.333,0,0,,0,0,,2,2,4,1,0,2,0,4,2,2.8,+21
27,27,2002-12-23,10877,UTA,A,HOU,W (+5),1,26:35,2,4,.500,0,0,,1,1,1.000,3,3,6,1,0,3,1,5,5,5.8,+18
28,28,2002-12-27,10881,UTA,A,POR,L (-5),1,31:40,0,2,.000,0,0,,4,6,.667,2,5,7,2,0,1,2,4,4,3.2,+1
29,29,2002-12-28,10882,UTA,H,PHI,W (+29),1,24:00,2,3,.667,0,0,,0,0,,3,2,5,1,0,5,2,1,4,7.2,+30
30,30,2002-12-30,10884,UTA,H,TOR,W (+22),1,21:09,1,1,1.000,0,0,,2,2,1.000,2,4,6,1,0,0,2,3,4,3.8,-6
31,31,2003-01-03,10888,UTA,A,MIL,W (+3),1,23:47,2,2,1.000,0,0,,5,8,.625,3,1,4,0,2,0,3,3,9,7.4,+14
32,32,2003-01-04,10889,UTA,A,MIN,W (+8),1,8:04,0,1,.000,0,0,,0,0,,0,1,1,0,0,0,0,1,0,-0.8,-11
33,33,2003-01-06,10891,UTA,A,CHI,L (-15),1,22:14,2,5,.400,0,0,,1,3,.333,1,2,3,0,0,3,1,1,5,3.5,-10
34,34,2003-01-08,10893,UTA,H,PHO,W (+6),1,25:12,2,4,.500,0,0,,1,2,.500,2,3,5,1,0,1,1,3,5,4.1,+11
35,35,2003-01-10,10895,UTA,H,MIA,W (+16),1,17:08,3,3,1.000,0,0,,0,2,.000,2,2,4,1,0,4,0,1,6,9.4,+2
36,36,2003-01-12,10897,UTA,A,PHO,L (-8),1,10:16,2,5,.400,0,0,,0,0,,3,1,4,0,0,0,2,4,4,0.1,-4
37,37,2003-01-15,10900,UTA,A,DEN,W (+11),1,33:57,5,8,.625,0,0,,3,6,.500,3,6,9,0,0,5,2,6,13,11.2,+3
38,38,2003-01-16,10901,UTA,H,SEA,W (+7),1,24:01,2,6,.333,0,0,,1,2,.500,2,4,6,0,0,1,2,3,5,1.3,+10
39,39,2003-01-18,10903,UTA,H,CLE,W (+17),1,12:43,2,3,.667,0,0,,0,0,,1,3,4,1,0,1,1,3,4,3.5,-1
40,40,2003-01-20,10905,UTA,H,NJN,W (+3),1,6:24,0,0,,0,0,,0,0,,0,1,1,0,0,0,2,4,0,-3.3,0
41,41,2003-01-22,10907,UTA,H,LAC,L (-7),1,30:02,3,5,.600,0,0,,0,2,.000,4,4,8,1,0,4,0,3,6,9.2,+4
42,42,2003-01-24,10909,UTA,H,SAS,L (-1),1,36:37,3,6,.500,0,0,,4,7,.571,5,6,11,0,0,2,0,6,10,10.1,-1
43,43,2003-01-25,10910,UTA,A,GSW,L (-13),1,11:52,0,1,.000,0,0,,1,2,.500,3,1,4,0,0,0,0,2,1,1.5,-3
44,44,2003-01-28,10913,UTA,A,SAC,W (+10),1,21:26,2,4,.500,0,0,,0,0,,2,4,6,1,0,0,1,3,4,3.1,-16
45,45,2003-01-29,10914,UTA,H,POR,W (+24),1,23:00,1,3,.333,0,0,,0,0,,1,3,4,1,0,2,1,2,2,2.2,+12
46,46,2003-01-31,10916,UTA,H,GSW,W (+8),1,19:37,2,3,.667,0,0,,1,2,.500,1,3,4,0,0,2,0,2,5,5.5,-2
47,47,2003-02-01,10917,UTA,A,LAL,L (-12),1,26:33,2,4,.500,0,0,,1,3,.333,3,2,5,0,0,4,1,4,5,5.1,-4
48,48,2003-02-03,10919,UTA,H,DAL,L (-2),1,20:35,1,4,.250,0,0,,0,0,,0,6,6,0,0,1,2,3,2,-1.1,-7
49,49,2003-02-05,10921,UTA,H,MEM,W (+21),1,22:43,5,7,.714,0,0,,0,1,.000,2,7,9,2,0,4,0,3,10,13.2,+6
50,50,2003-02-11,10927,UTA,A,HOU,W (+2),1,32:06,1,3,.333,0,0,,1,1,1.000,0,6,6,0,0,0,3,5,3,-1.9,+10
51,51,2003-02-12,10928,UTA,H,HOU,L (-30),1,21:12,1,3,.333,0,0,,0,2,.000,1,3,4,0,1,3,1,1,2,2.8,-16
52,52,2003-02-14,10930,UTA,H,WAS,W (+32),1,22:57,1,4,.250,0,0,,2,2,1.000,5,5,10,0,1,2,0,2,4,8.2,+21
53,53,2003-02-17,10933,UTA,H,MIN,W (+12),1,31:25,2,3,.667,0,0,,2,3,.667,0,7,7,1,1,3,0,2,6,9.4,+13
54,54,2003-02-19,10935,UTA,H,LAL,L (-6),1,30:03,1,4,.250,0,0,,1,2,.500,3,4,7,0,0,2,1,3,3,2.7,-15
55,55,2003-02-22,10938,UTA,H,DEN,W (+10),1,19:43,1,1,1.000,0,0,,0,0,,4,3,7,0,0,4,2,3,2,5.0,+13
56,56,2003-02-24,10940,UTA,A,MEM,L (-11),1,23:06,2,3,.667,0,0,,2,4,.500,5,5,10,1,1,0,0,4,6,9.0,-4
57,57,2003-02-26,10942,UTA,A,MIN,L (-7),1,35:11,5,7,.714,0,0,,0,3,.000,1,9,10,0,0,1,5,2,10,4.2,-3
58,58,2003-02-28,10944,UTA,A,PHI,L (-21),1,19:39,2,2,1.000,0,0,,2,2,1.000,2,3,5,2,0,0,0,1,6,8.7,-8
59,59,2003-03-02,10946,UTA,A,NJN,W (+1),1,27:06,3,4,.750,0,0,,1,2,.500,1,5,6,1,0,7,4,5,7,6.8,+7
60,60,2003-03-05,10949,UTA,H,SEA,W (+11),1,25:16,2,8,.250,0,0,,4,8,.500,6,3,9,2,1,2,1,3,8,8.3,+6
61,61,2003-03-07,10951,UTA,H,SAC,L (-3),1,36:07,2,8,.250,0,0,,4,9,.444,8,3,11,2,2,3,2,2,8,10.4,-4
62,62,2003-03-08,10952,UTA,A,DAL,L (-24),1,15:53,1,2,.500,0,0,,0,0,,0,3,3,1,0,2,0,2,2,3.2,+2
63,63,2003-03-10,10954,UTA,A,MIA,W (+10),1,38:21,0,1,.000,0,0,,0,0,,1,5,6,0,0,3,2,4,0,0.0,+11
64,64,2003-03-12,10956,UTA,A,ORL,W (+3),1,16:39,1,1,1.000,0,0,,0,0,,1,6,7,0,1,1,0,4,2,4.3,+1
65,65,2003-03-14,10958,UTA,A,IND,L (-20),1,21:47,0,1,.000,0,0,,1,4,.250,3,3,6,0,0,1,0,3,1,1.6,-3
67,66,2003-03-18,10962,UTA,H,DEN,W (+18),1,18:29,1,4,.250,0,0,,2,2,1.000,1,3,4,0,0,3,1,3,4,3.1,+13
68,67,2003-03-19,10963,UTA,A,PHO,W (+13),1,40:01,6,8,.750,0,0,,1,2,.500,4,10,14,1,0,4,1,4,13,16.1,+18
69,68,2003-03-22,10966,UTA,H,LAC,W (+15),1,20:07,2,2,1.000,0,0,,2,2,1.000,1,5,6,1,0,2,1,3,6,7.5,+15
70,69,2003-03-24,10968,UTA,H,BOS,W (+5),1,16:11,1,1,1.000,0,0,,0,0,,2,3,5,0,0,0,0,6,2,1.6,+10
71,70,2003-03-26,10970,UTA,H,POR,W (+9),1,38:27,3,7,.429,0,0,,3,4,.750,2,7,9,3,3,3,5,0,9,10.6,+25
72,71,2003-03-28,10972,UTA,H,MIL,W (+13),1,28:08,4,7,.571,0,0,,1,2,.500,4,4,8,1,0,1,2,2,9,7.9,+22
73,72,2003-03-29,10973,UTA,A,SAS,L (-20),1,31:26,7,11,.636,0,0,,2,3,.667,6,4,10,0,0,1,2,2,16,14.0,-17
74,73,2003-04-01,10976,UTA,A,LAC,W (+5),1,37:43,3,8,.375,0,0,,2,6,.333,4,6,10,1,0,0,2,5,8,3.3,+1
75,74,2003-04-03,10978,UTA,A,POR,W (+5),1,35:49,3,7,.429,0,0,,0,0,,3,4,7,0,0,2,2,2,6,4.2,-4
76,75,2003-04-04,10979,UTA,H,NYK,L (-2),1,40:04,2,6,.333,0,0,,4,6,.667,6,5,11,0,1,2,0,3,8,10.7,+6
77,76,2003-04-06,10981,UTA,A,SEA,L (-2),1,40:49,4,5,.800,0,0,,3,4,.750,2,8,10,1,0,4,1,1,11,14.6,+1
78,77,2003-04-08,10983,UTA,A,GSW,L (-26),1,12:03,0,2,.000,0,0,,0,0,,1,4,5,0,0,1,1,3,0,-1.0,-2
79,78,2003-04-09,10984,UTA,H,HOU,W (+21),1,29:30,3,5,.600,0,0,,2,2,1.000,3,8,11,1,0,1,0,3,8,10.4,+18
80,79,2003-04-11,10986,UTA,H,DAL,W (+3),1,34:39,3,6,.500,0,0,,0,4,.000,4,9,13,1,1,1,1,3,6,7.1,+13
81,80,2003-04-14,10989,UTA,H,SAS,L (-8),1,23:53,2,4,.500,0,0,,0,2,.000,3,1,4,2,0,0,1,3,4,2.8,-3
82,81,2003-04-16,10991,UTA,A,SAC,L (-11),1,23:22,3,6,.500,0,0,,0,2,.000,0,6,6,1,0,0,0,3,6,3.5,-9
1,1,2003-10-29,11187,UTA,H,POR,W (+7),1,40:55,3,5,.600,0,0,,0,0,,1,8,9,1,0,2,2,2,6,6.1,+11
2,2,2003-11-01,11190,UTA,A,DAL,L (-25),1,20:13,1,4,.250,0,0,,1,2,.500,1,4,5,2,0,0,1,2,3,1.7,-5
3,3,2003-11-03,11192,UTA,H,MIN,W (+5),1,35:36,6,13,.462,0,0,,0,4,.000,13,8,21,2,0,6,2,1,12,18.4,+4
4,4,2003-11-05,11194,UTA,H,PHO,W (+11),1,28:51,4,9,.444,0,0,,1,2,.500,4,3,7,1,0,1,0,3,9,7.8,+5
5,5,2003-11-07,11196,UTA,A,GSW,L (-6),1,33:38,2,4,.500,0,0,,0,0,,3,7,10,1,0,3,2,5,4,5.0,+4
6,6,2003-11-08,11197,UTA,H,MEM,W (+7),1,27:22,2,8,.250,0,0,,2,2,1.000,7,4,11,3,0,2,1,2,6,9.0,-11
7,7,2003-11-10,11199,UTA,A,SAS,L (-9),1,27:27,2,4,.500,0,0,,0,0,,2,8,10,2,0,0,4,3,4,2.0,-7
8,8,2003-11-12,11201,UTA,A,NOH,L (-7),1,32:37,2,5,.400,0,0,,3,4,.750,1,6,7,2,1,2,2,2,7,7.4,-3
9,9,2003-11-14,11203,UTA,A,MIN,W (+8),1,22:27,0,2,.000,0,0,,0,0,,2,3,5,1,0,1,1,5,0,-0.7,+5
10,10,2003-11-15,11204,UTA,A,MIL,L (-5),1,24:44,0,4,.000,0,0,,0,0,,3,4,7,4,0,1,2,2,0,1.2,+2
11,11,2003-11-17,11206,UTA,H,ORL,W (+2),1,35:59,3,8,.375,0,0,,4,6,.667,5,5,10,2,1,5,2,4,10,12.1,+13
12,12,2003-11-19,11208,UTA,H,SAC,L (-8),1,38:09,5,7,.714,0,0,,1,2,.500,5,5,10,3,0,1,0,4,11,13.9,-5
13,13,2003-11-21,11210,UTA,H,MIL,W (+9),1,14:18,4,8,.500,0,0,,0,0,,3,6,9,0,0,0,0,4,8,6.3,+6
14,14,2003-11-26,11215,UTA,H,HOU,W (+7),1,29:10,1,7,.143,0,0,,2,2,1.000,4,5,9,2,0,5,1,5,4,5.7,+3
16,15,2003-12-01,11220,UTA,H,NJN,W (+7),1,33:45,4,12,.333,0,0,,2,2,1.000,5,5,10,3,0,1,1,4,10,8.4,+19
17,16,2003-12-03,11222,UTA,A,HOU,L (-6),1,43:33,3,6,.500,0,0,,5,6,.833,6,0,6,3,2,2,1,5,11,14.3,+3
18,17,2003-12-05,11224,UTA,H,LAC,W (+19),1,28:41,3,5,.600,0,0,,2,4,.500,4,4,8,4,1,4,0,4,8,13.9,+15
19,18,2003-12-07,11226,UTA,A,LAL,L (-2),1,26:41,3,5,.600,0,0,,3,4,.750,3,4,7,3,0,0,0,3,9,10.5,-9
20,19,2003-12-08,11227,UTA,H,BOS,L (-22),1,32:08,2,4,.500,0,0,,3,4,.750,0,7,7,1,0,2,0,2,7,8.0,-20
21,20,2003-12-10,11229,UTA,H,NYK,W (+22),1,39:53,6,11,.545,0,0,,4,4,1.000,5,7,12,2,1,3,5,2,16,15.0,+24
22,21,2003-12-12,11231,UTA,H,SAC,L (-7),1,40:59,5,10,.500,0,0,,1,1,1.000,3,9,12,1,0,3,2,5,11,9.6,-5
23,22,2003-12-14,11233,UTA,A,PHI,W (+8),1,36:30,1,2,.500,0,0,,0,0,,1,5,6,0,0,2,1,3,2,2.4,+16
24,23,2003-12-16,11235,UTA,A,WAS,L (-4),1,21:57,1,3,.333,0,0,,3,4,.750,2,6,8,0,0,1,2,5,5,2.8,+6
25,24,2003-12-17,11236,UTA,A,NJN,L (-13),1,17:40,4,4,1.000,0,0,,1,4,.250,3,3,6,1,0,3,3,2,9,8.6,-10
26,25,2003-12-19,11238,UTA,A,BOS,W (+3),1,37:03,5,8,.625,0,0,,1,2,.500,4,3,7,6,2,4,0,4,11,18.1,+10
27,26,2003-12-21,11240,UTA,A,DET,L (-21),1,21:57,1,2,.500,0,0,,0,0,,0,2,2,1,1,0,1,3,2,1.1,-15
28,27,2003-12-22,11241,UTA,A,CHI,W (+12),1,37:50,1,4,.250,0,0,,0,2,.000,2,7,9,1,0,0,4,4,2,-2.6,+17
30,28,2003-12-28,11247,UTA,A,SAC,L (-9),1,29:31,4,6,.667,0,0,,1,2,.500,3,6,9,3,1,3,1,2,9,13.3,-1
32,29,2004-01-02,11252,UTA,A,MEM,L (-12),1,36:18,2,3,.667,0,0,,2,2,1.000,6,5,11,2,1,6,1,3,6,14.8,-5
33,30,2004-01-03,11253,UTA,A,HOU,L (-21),1,25:34,4,5,.800,0,0,,0,0,,2,4,6,0,0,2,0,2,8,9.3,-9
34,31,2004-01-05,11255,UTA,H,DAL,W (+14),1,38:16,4,10,.400,0,1,.000,2,6,.333,5,3,8,4,0,3,2,2,10,9.5,+11
35,32,2004-01-09,11259,UTA,A,DEN,L (-10),1,39:11,6,12,.500,0,0,,3,4,.750,7,6,13,4,0,4,4,4,15,15.3,-5
36,33,2004-01-10,11260,UTA,H,ATL,W (+21),1,22:05,4,7,.571,0,0,,2,4,.500,2,1,3,2,1,1,1,3,10,8.5,+12
37,34,2004-01-13,11263,UTA,H,GSW,W (+17),1,27:16,3,7,.429,0,0,,3,4,.750,4,9,13,2,0,1,0,2,9,11.7,+5
38,35,2004-01-15,11265,UTA,H,MIA,W (+12),1,23:38,5,6,.833,0,0,,1,2,.500,2,2,4,2,1,1,1,4,11,10.9,+6
39,36,2004-01-17,11267,UTA,H,CLE,L (-6),1,22:22,1,4,.250,0,0,,2,4,.500,0,6,6,1,1,2,2,2,4,2.9,+1
41,37,2004-01-20,11270,UTA,H,DEN,L (-21),1,23:37,2,7,.286,0,0,,0,0,,3,2,5,3,1,3,2,3,4,4.6,-13
42,38,2004-01-23,11273,UTA,A,LAC,L (-11),1,33:34,7,13,.538,0,0,,2,8,.250,7,5,12,1,0,4,1,5,16,14.2,-9
43,39,2004-01-24,11274,UTA,H,LAL,L (-7),1,36:58,5,6,.833,0,0,,0,0,,1,7,8,1,1,2,2,3,10,10.5,-5
44,40,2004-01-26,11276,UTA,H,LAC,W (+5),1,41:10,6,13,.462,0,0,,6,8,.750,8,6,14,0,1,5,2,4,18,18.8,+2
45,41,2004-01-28,11278,UTA,H,DAL,W (+3),1,35:33,4,11,.364,0,0,,4,7,.571,5,6,11,2,1,2,2,1,12,11.4,-2
46,42,2004-01-30,11280,UTA,A,MEM,W (+6),1,34:39,3,6,.500,0,0,,0,0,,5,2,7,1,1,2,1,4,6,7.6,-2
47,43,2004-01-31,11281,UTA,A,SAS,L (-4),1,29:51,4,6,.667,0,0,,3,3,1.000,2,8,10,0,0,1,2,3,11,9.7,-9
48,44,2004-02-02,11283,UTA,H,SAS,L (-18),1,30:38,4,7,.571,0,0,,1,2,.500,2,6,8,2,1,2,2,3,9,9.1,-12
49,45,2004-02-04,11285,UTA,H,CHI,L (-16),1,30:29,3,6,.500,0,0,,2,4,.500,1,5,6,0,0,3,2,3,8,5.3,-11
50,46,2004-02-06,11287,UTA,H,POR,L (-14),1,35:45,4,7,.571,0,0,,0,1,.000,2,5,7,2,1,2,2,1,8,8.6,-4
51,47,2004-02-07,11288,UTA,A,PHO,W (+4),1,22:24,6,10,.600,0,0,,2,2,1.000,4,3,7,0,0,0,2,3,14,9.9,+6
52,48,2004-02-10,11291,UTA,A,POR,W (+5),1,36:44,3,8,.375,0,0,,2,2,1.000,2,4,6,4,1,0,1,6,8,6.6,+1
53,49,2004-02-11,11292,UTA,H,MIN,L (-11),1,32:58,0,3,.000,0,0,,1,4,.250,0,0,0,2,0,2,2,4,1,-3.1,-8
54,50,2004-02-17,11298,UTA,A,MIA,L (-12),1,20:20,0,2,.000,0,0,,0,2,.000,1,5,6,2,1,0,1,0,0,1.4,-8
55,51,2004-02-18,11299,UTA,A,ORL,L (-13),1,23:05,3,5,.600,0,0,,1,2,.500,3,2,5,0,0,1,2,4,7,4.1,-13
56,52,2004-02-20,11301,UTA,A,NYK,W (+14),0,29:07,7,11,.636,0,0,,2,2,1.000,4,3,7,3,0,2,3,2,16,14.5,+5
57,53,2004-02-22,11303,UTA,A,IND,L (-14),0,18:34,1,7,.143,0,0,,1,2,.500,1,4,5,3,0,0,3,2,3,-1.7,+2
58,54,2004-02-24,11305,UTA,H,SEA,W (+13),0,29:26,2,5,.400,0,0,,2,2,1.000,2,5,7,3,0,2,1,2,6,7.9,+13
59,55,2004-02-25,11306,UTA,A,SEA,W (+1),0,37:26,2,5,.400,0,0,,1,3,.333,2,9,11,1,0,1,1,3,5,4.8,+6
60,56,2004-02-27,11308,UTA,A,SAC,W (+5),0,25:30,4,8,.500,0,0,,0,0,,9,5,14,3,1,0,0,3,8,13.7,+9
61,57,2004-03-01,11311,UTA,H,DET,W (+8),0,35:29,1,5,.200,0,0,,8,8,1.000,2,4,6,2,0,1,1,3,10,9.4,+10
62,58,2004-03-05,11315,UTA,H,IND,L (-8),0,24:22,3,5,.600,0,0,,1,2,.500,2,2,4,0,0,0,1,5,7,3.3,-8
63,59,2004-03-06,11315,UTA,A,POR,L (-21),0,26:49,2,4,.500,0,0,,2,4,.500,4,9,13,6,0,1,1,2,6,11.8,-10
64,60,2004-03-08,11317,UTA,H,LAL,W (+5),0,29:24,2,4,.500,0,0,,3,4,.750,2,8,10,0,0,1,2,4,7,5.5,+6
65,61,2004-03-10,11319,UTA,H,GSW,W (+14),0,12:59,2,2,1.000,0,0,,0,1,.000,0,2,2,1,0,1,0,3,4,3.8,+4
66,62,2004-03-12,11321,UTA,A,PHO,W (+9),0,15:04,2,3,.667,0,0,,0,1,.000,0,5,5,0,0,1,0,4,4,2.9,0
67,63,2004-03-14,11323,UTA,A,DEN,L (-27),0,23:35,2,5,.400,0,0,,1,2,.500,3,8,11,0,0,1,0,3,5,5.9,-21
68,64,2004-03-17,11326,UTA,A,TOR,L (-4),0,5:26,0,1,.000,0,0,,0,0,,0,1,1,0,0,0,0,1,0,-0.8,+2
69,65,2004-03-19,11328,UTA,A,CLE,W (+9),0,16:43,1,3,.333,0,0,,0,0,,1,3,4,1,0,1,0,3,2,2.1,+3
70,66,2004-03-20,11329,UTA,A,ATL,W (+6),0,23:45,1,5,.200,0,0,,2,2,1.000,3,8,11,1,1,2,0,4,4,6.9,+9
71,67,2004-03-23,11332,UTA,H,WAS,W (+8),0,23:12,1,2,.500,0,0,,0,1,.000,0,4,4,0,0,2,3,2,2,-0.6,+7
72,68,2004-03-24,11333,UTA,A,SEA,L (-7),0,19:09,0,0,,0,0,,1,4,.250,0,4,4,3,0,0,1,1,1,1.7,+9
73,69,2004-03-27,11336,UTA,H,DEN,W (+2),0,36:34,1,2,.500,0,0,,0,0,,2,2,4,0,2,8,0,2,2,9.8,+6
74,70,2004-03-28,11337,UTA,A,LAL,L (-7),0,19:36,3,6,.500,0,0,,0,1,.000,4,4,8,0,1,2,0,2,6,8.2,-3
75,71,2004-03-31,11340,UTA,H,NOH,W (+13),0,31:54,1,4,.250,0,0,,9,14,.643,0,4,4,0,0,1,1,1,11,7.1,+7
76,72,2004-04-02,11342,UTA,H,SAS,L (-13),0,11:51,1,3,.333,0,0,,0,2,.000,1,1,2,1,0,0,1,4,2,-1.4,-11
77,73,2004-04-04,11344,UTA,A,LAC,W (+5),0,9:25,0,0,,0,0,,0,0,,2,2,4,0,0,1,0,1,0,2.3,-8
78,74,2004-04-05,11345,UTA,H,MEM,W (+11),0,12:00,2,3,.667,0,0,,0,0,,1,4,5,0,0,0,1,1,4,3.2,-3
79,75,2004-04-08,11348,UTA,A,DAL,L (-23),0,18:20,2,2,1.000,0,0,,1,2,.500,1,0,1,0,1,0,0,1,5,5.3,-13
80,76,2004-04-10,11350,UTA,H,HOU,W (+13),0,25:42,2,2,1.000,0,0,,0,0,,1,6,7,1,0,3,1,4,4,6.1,+1
81,77,2004-04-12,11352,UTA,A,MIN,L (-14),0,9:02,0,1,.000,0,0,,0,0,,0,2,2,0,0,0,0,1,0,-0.5,-16
82,78,2004-04-14,11354,UTA,H,PHO,L (-5),0,20:53,2,5,.400,0,0,,0,4,.000,5,2,7,2,1,2,0,3,4,6.4,+8
1,1,2004-11-02,11556,SAC,A,DAL,L (-9),0,10:11,0,1,.000,0,0,,0,0,,0,1,1,0,0,0,0,1,0,-0.8,-5
2,2,2004-11-03,11557,SAC,A,SAS,L (-16),0,7:32,0,1,.000,0,0,,0,0,,2,0,2,0,0,1,1,3,0,-0.8,-9
3,3,2004-11-06,11560,SAC,A,HOU,L (-3),0,12:03,1,4,.250,0,1,.000,0,0,,2,1,3,0,0,0,0,3,2,0.1,-3
5,4,2004-11-10,11564,SAC,A,SEA,L (-30),0,9:31,0,0,,0,0,,0,0,,1,1,2,0,0,0,0,4,0,-0.6,-6
7,5,2004-11-14,11568,SAC,H,DEN,W (+12),0,6:28,0,2,.000,0,0,,0,0,,1,2,3,1,0,0,0,0,0,0.6,+2
8,6,2004-11-16,11570,SAC,H,CHI,W (+7),0,6:42,0,2,.000,0,0,,0,0,,0,1,1,0,0,0,1,0,0,-2.1,0
9,7,2004-11-19,11573,SAC,H,MEM,W (+2),0,3:44,0,1,.000,0,0,,1,2,.500,1,0,1,0,0,0,0,2,1,-0.2,-1
10,8,2004-11-21,11575,SAC,H,MIL,W (+9),0,4:21,1,1,1.000,0,0,,1,1,1.000,0,1,1,0,0,0,0,2,3,2.2,+3
11,9,2004-11-23,11577,SAC,H,HOU,W (+6),0,15:11,2,2,1.000,0,0,,1,2,.500,1,1,2,1,0,1,0,1,5,6.0,+3
13,10,2004-11-28,11582,SAC,H,MIN,L (-11),0,9:38,0,1,.000,0,0,,0,2,.000,0,0,0,0,0,0,0,0,0,-1.5,+5
14,11,2004-11-30,11584,SAC,A,MEM,W (+5),0,19:29,1,2,.500,0,0,,0,2,.000,2,3,5,1,1,5,1,3,2,5.5,+5
15,12,2004-12-01,11585,SAC,A,NOH,W (+13),0,7:21,1,1,1.000,0,0,,0,0,,1,1,2,0,0,0,0,0,2,2.7,+9
16,13,2004-12-03,11587,SAC,H,IND,W (+26),0,8:32,1,1,1.000,0,0,,0,0,,1,3,4,1,0,0,1,1,2,2.6,+5
17,14,2004-12-05,11589,SAC,H,BOS,W (+14),0,10:53,2,3,.667,0,0,,0,0,,3,4,7,0,0,0,0,1,4,5.6,-7
18,15,2004-12-07,11591,SAC,H,CHA,W (+17),1,12:37,1,2,.500,0,0,,0,0,,2,2,4,0,0,3,0,2,2,4.3,+9
19,16,2004-12-10,11594,SAC,A,MIN,L (-8),0,8:28,0,1,.000,0,0,,0,0,,0,2,2,0,0,0,0,0,0,-0.1,+3
20,17,2004-12-11,11595,SAC,A,IND,W (+5),0,13:00,2,4,.500,0,0,,0,0,,3,2,5,1,0,1,0,1,4,5.7,+3
21,18,2004-12-14,11598,SAC,A,MIL,W (+3),0,10:57,0,0,,0,0,,0,0,,1,3,4,0,0,2,0,2,0,2.2,+9
22,19,2004-12-16,11600,SAC,H,LAL,L (-16),0,0:51,0,0,,0,0,,0,0,,0,0,0,0,0,0,0,0,0,0.0,0
23,20,2004-12-19,11603,SAC,H,NOH,W (+36),0,17:03,3,3,1.000,0,0,,0,0,,1,5,6,4,0,4,2,6,6,8.5,+20
24,21,2004-12-21,11605,SAC,H,WAS,W (+11),0,14:01,0,0,,0,0,,0,0,,0,4,4,1,0,1,0,1,0,2.2,-1
25,22,2004-12-23,11607,SAC,H,MIA,L (-2),0,21:22,2,2,1.000,0,0,,1,5,.200,2,8,10,3,0,1,0,4,5,7.8,-1
27,23,2004-12-31,11615,SAC,A,UTA,W (+7),0,4:45,0,1,.000,0,0,,0,2,.000,1,1,2,0,0,0,0,0,0,-0.5,-9
28,24,2005-01-02,11617,SAC,H,SAS,W (+5),0,6:36,1,1,1.000,0,0,,0,0,,0,0,0,0,0,0,1,2,2,-0.1,-9
29,25,2005-01-04,11619,SAC,A,NYK,W (+7),0,14:00,2,2,1.000,0,0,,0,0,,2,8,10,1,0,1,0,2,4,7.8,+19
31,26,2005-01-07,11622,SAC,A,ATL,W (+3),0,6:55,0,1,.000,0,0,,0,0,,0,0,0,0,0,0,0,1,0,-1.1,-6
32,27,2005-01-08,11623,SAC,A,NOH,L (-4),0,5:12,0,1,.000,0,0,,0,0,,0,0,0,0,0,0,1,1,0,-2.1,-6
33,28,2005-01-11,11626,SAC,H,DEN,W (+9),0,21:29,2,3,.667,0,0,,0,0,,2,3,5,1,2,2,3,2,4,5.3,+3
34,29,2005-01-13,11628,SAC,H,UTA,W (+14),0,1:31,0,0,,0,0,,0,0,,0,0,0,0,0,0,0,0,0,0.0,+2
35,30,2005-01-15,11630,SAC,H,LAC,W (+4),0,4:33,0,0,,0,0,,0,0,,0,0,0,0,0,0,0,1,0,-0.4,-4
36,31,2005-01-17,11632,SAC,A,LAC,W (+6),0,5:56,0,1,.000,0,0,,1,2,.500,0,1,1,0,0,0,0,0,1,0.2,-1
38,32,2005-01-20,11635,SAC,H,CLE,W (+27),0,14:57,1,2,.500,0,0,,0,0,,0,3,3,0,0,0,1,2,2,0.1,+2
39,33,2005-01-23,11638,SAC,H,SAS,L (-30),0,19:54,0,0,,0,0,,1,2,.500,0,4,4,3,0,0,1,3,1,1.7,-11
40,34,2005-01-25,11640,SAC,H,NJN,W (+20),0,10:00,0,0,,0,0,,0,2,.000,0,1,1,0,0,2,1,2,0,-0.9,-5
41,35,2005-01-27,11642,SAC,A,SAS,L (-10),0,5:54,0,1,.000,0,0,,0,0,,0,1,1,0,0,1,0,2,0,-0.5,0
43,36,2005-01-30,11645,SAC,A,MIN,W (+10),0,6:59,1,3,.333,0,0,,0,2,.000,2,1,3,0,0,1,0,1,2,1.5,-3
44,37,2005-02-01,11647,SAC,H,SEA,L (-5),0,7:40,1,2,.500,0,0,,0,0,,2,0,2,1,0,0,0,2,2,2.3,-7
45,38,2005-02-02,11648,SAC,A,GSW,W (+4),0,3:09,1,1,1.000,0,0,,1,2,.500,1,0,1,0,0,0,0,1,3,2.6,-7
46,39,2005-02-04,11650,SAC,H,NYK,W (+1),0,11:06,0,0,,0,0,,0,0,,1,1,2,0,0,1,0,2,0,0.9,-6
49,40,2005-02-10,11656,SAC,A,SEA,L (-8),1,20:46,2,4,.500,0,0,,1,1,1.000,2,4,6,2,1,1,1,3,5,6.5,+7
52,41,2005-02-15,11661,SAC,A,CHI,L (-5),0,2:46,1,2,.500,0,0,,0,0,,0,1,1,0,0,0,0,0,2,1.3,-2
55,42,2005-02-24,11670,SAC,A,DAL,L (-9),0,9:19,1,1,1.000,0,0,,0,0,,1,2,3,1,0,1,1,1,2,3.0,-6
58,43,2005-03-01,11675,SAC,A,CHA,L (-7),0,6:38,1,4,.250,0,0,,0,0,,2,0,2,0,1,0,0,1,2,1.6,+1
60,44,2005-03-04,11678,SAC,A,MIA,L (-21),0,9:31,0,1,.000,0,0,,0,0,,1,3,4,0,0,1,2,2,0,-1.2,-1
62,45,2005-03-08,11682,SAC,H,MEM,W (+3),0,5:22,0,1,.000,0,0,,1,2,.500,1,2,3,1,0,2,0,1,1,2.9,+5
64,46,2005-03-13,11687,SAC,H,HOU,L (-15),0,3:48,1,1,1.000,0,0,,0,0,,0,0,0,0,0,0,0,1,2,1.3,-2
69,47,2005-03-22,11696,SAC,H,POR,W (+19),1,22:00,2,5,.400,0,0,,1,2,.500,2,4,6,2,1,1,0,4,5,6.0,+14
71,48,2005-03-26,11700,SAC,A,DEN,L (-14),0,12:12,0,2,.000,0,0,,2,4,.500,1,2,3,1,1,1,1,2,2,1.7,+7
72,49,2005-03-28,11702,SAC,H,PHI,W (+9),0,4:58,0,0,,0,0,,0,0,,0,2,2,0,0,0,0,0,0,0.6,+6
73,50,2005-03-30,11704,SAC,A,DET,L (-17),0,4:21,0,0,,0,0,,0,0,,1,1,2,0,0,0,0,1,0,0.6,+1
74,51,2005-04-01,11706,SAC,A,CLE,W (+19),0,5:45,0,0,,0,0,,0,0,,0,1,1,0,0,0,1,2,0,-1.5,+2
76,52,2005-04-05,11710,SAC,H,SEA,W (+21),0,2:02,0,0,,0,0,,0,0,,0,1,1,0,0,1,0,1,0,0.6,-2
78,53,2005-04-10,11715,SAC,H,LAL,W (+19),0,7:25,0,0,,0,0,,0,0,,1,2,3,2,0,0,0,0,0,2.7,+10
80,54,2005-04-16,11721,SAC,A,PHO,L (-18),0,23:07,1,3,.333,0,1,.000,0,1,.000,2,6,8,5,0,0,2,4,2,3.0,+8
81,55,2005-04-18,11723,SAC,A,UTA,L (-10),0,15:44,1,1,1.000,0,0,,1,2,.500,3,5,8,1,0,4,0,1,3,9.0,+6
82,56,2005-04-20,11725,SAC,H,PHO,W (+25),0,20:54,1,6,.167,0,0,,0,0,,3,7,10,3,0,1,2,3,2,2.0,+22
1,1,2005-11-02,11921,UTA,H,DAL,W (+11),1,18:39,1,2,.500,0,0,,0,0,,4,2,6,0,0,5,1,3,2,5.7,+7
2,2,2005-11-04,11923,UTA,A,GSW,W (+6),1,12:50,3,3,1.000,0,0,,0,0,,1,4,5,0,0,2,1,4,6,5.8,-3
3,3,2005-11-05,11924,UTA,H,PHO,L (-9),1,1:17,0,0,,0,0,,0,0,,0,1,1,0,0,0,0,0,0,0.3,+2
4,4,2005-11-07,11926,UTA,A,CHA,W (+4),1,32:06,2,4,.500,0,0,,2,2,1.000,3,10,13,1,0,2,1,5,6,8.2,+13
5,5,2005-11-09,11928,UTA,A,NJN,L (-8),1,16:35,0,2,.000,0,0,,0,0,,1,1,2,2,0,0,1,3,0,-1.2,-12
6,6,2005-11-11,11930,UTA,A,TOR,W (+15),1,17:26,1,1,1.000,0,0,,0,0,,1,5,6,2,0,1,2,3,2,2.8,+3
7,7,2005-11-12,11931,UTA,A,CHI,L (-5),1,20:23,2,2,1.000,0,0,,0,0,,2,2,4,2,0,1,1,3,4,5.3,-1
8,8,2005-11-14,11933,UTA,H,NYK,L (-11),1,20:43,0,5,.000,0,0,,0,0,,2,3,5,1,0,1,0,1,0,-0.2,-8
9,9,2005-11-15,11934,UTA,A,SAC,L (-36),1,15:23,4,4,1.000,0,0,,1,4,.250,1,2,3,0,0,0,0,2,9,7.1,-23
10,10,2005-11-18,11937,UTA,A,PHO,L (-8),1,10:40,0,1,.000,0,0,,0,2,.000,2,5,7,2,0,0,1,0,0,1.8,+1
11,11,2005-11-19,11938,UTA,H,MEM,L (-8),1,27:53,0,2,.000,0,0,,1,2,.500,3,3,6,4,1,7,2,3,1,7.7,-10
12,12,2005-11-21,11940,UTA,H,MIL,W (+20),1,23:09,4,7,.571,0,0,,0,0,,4,6,10,3,1,2,2,3,8,10.6,-1
13,13,2005-11-22,11941,UTA,A,SEA,W (+6),1,27:37,3,5,.600,0,0,,0,0,,3,4,7,1,0,2,1,3,6,6.9,+5
14,14,2005-11-25,11944,UTA,H,GSW,L (-4),1,24:21,2,2,1.000,0,0,,0,0,,2,4,6,1,0,1,1,4,4,4.8,+3
15,15,2005-11-29,11948,UTA,H,IND,L (-24),1,17:11,1,5,.200,0,0,,0,0,,1,3,4,1,0,2,1,2,2,0.8,-12
16,16,2005-12-01,11950,UTA,H,LAL,L (-4),1,10:37,1,1,1.000,0,0,,0,0,,1,1,2,1,0,0,3,2,2,-0.4,-15
17,17,2005-12-04,11953,UTA,A,POR,W (+5),1,13:43,1,1,1.000,0,0,,0,0,,0,3,3,1,0,1,1,4,2,1.4,+7
19,18,2005-12-07,11956,UTA,H,ATL,W (+12),1,17:53,1,2,.500,0,0,,2,2,1.000,2,6,8,1,0,3,2,4,4,5.4,+12
20,19,2005-12-09,11958,UTA,H,SEA,L (-16),1,9:07,0,1,.000,0,0,,0,0,,0,2,2,1,0,0,1,2,0,-1.2,-4
21,20,2005-12-12,11961,UTA,H,DET,W (+14),1,2:07,0,0,,0,0,,0,0,,0,1,1,0,0,0,0,0,0,0.3,-4
23,21,2005-12-16,11965,UTA,A,IND,L (-10),0,5:29,0,1,.000,0,0,,0,0,,0,0,0,0,0,0,0,1,0,-1.1,-5
24,22,2005-12-17,11966,UTA,A,MIL,W (+8),0,8:56,2,2,1.000,0,0,,1,2,.500,0,1,1,0,0,0,2,3,5,1.1,-5
25,23,2005-12-20,11969,UTA,A,CLE,L (-25),0,22:42,2,3,.667,0,0,,0,2,.000,0,4,4,2,1,0,3,4,4,0.9,-16
26,24,2005-12-21,11970,UTA,A,BOS,L (-12),0,2:42,0,1,.000,0,0,,0,0,,0,0,0,1,0,0,0,2,0,-0.8,-6
27,25,2005-12-23,11972,UTA,A,NYK,L (-8),0,4:17,0,2,.000,0,0,,0,0,,1,1,2,0,0,0,0,2,0,-1.2,-4
28,26,2005-12-26,11975,UTA,H,MEM,W (+3),0,26:56,2,3,.667,0,0,,0,0,,2,4,6,1,0,1,0,6,4,4.3,+2
29,27,2005-12-27,11976,UTA,A,HOU,W (+8),0,5:06,0,0,,0,0,,0,0,,0,0,0,1,0,1,0,0,0,1.4,-6
30,28,2005-12-31,11980,UTA,H,PHI,W (+6),0,13:23,1,3,.333,0,0,,0,0,,0,2,2,2,0,1,0,1,2,2.6,+1
31,29,2006-01-01,11981,UTA,A,LAL,W (+4),0,19:02,3,4,.750,0,0,,0,0,,2,4,6,3,0,2,0,2,6,9.7,+4
32,30,2006-01-03,11983,UTA,H,LAL,W (+10),0,8:24,0,1,.000,0,0,,0,0,,0,2,2,1,0,1,1,2,0,-0.5,-1
33,31,2006-01-06,11986,UTA,A,MEM,L (-22),0,4:41,1,1,1.000,0,0,,0,0,,1,3,4,0,0,1,1,2,2,2.2,-4
34,32,2006-01-07,11987,UTA,A,DET,W (+4),0,30:36,4,7,.571,0,0,,1,2,.500,4,5,9,1,0,3,1,3,9,10.2,+14
35,33,2006-01-09,11989,UTA,A,WAS,W (+8),0,15:51,1,3,.333,0,0,,0,2,.000,2,3,5,4,0,0,2,2,2,1.8,-1
36,34,2006-01-11,11991,UTA,A,PHI,W (+8),0,16:49,3,5,.600,0,0,,0,2,.000,5,2,7,0,1,1,0,2,6,7.9,+5
37,35,2006-01-14,11994,UTA,H,MIA,L (-6),0,15:20,1,5,.200,0,0,,1,2,.500,3,1,4,1,1,3,0,2,3,4.9,-5
38,36,2006-01-16,11996,UTA,A,LAC,L (-9),0,24:34,2,3,.667,0,0,,2,2,1.000,3,2,5,1,0,2,1,6,6,6.1,+5
39,37,2006-01-17,11997,UTA,H,TOR,W (+13),1,15:22,4,4,1.000,0,0,,0,0,,1,4,5,2,0,0,0,4,8,8.5,+10
40,38,2006-01-20,12000,UTA,A,DEN,L (-30),1,14:33,1,2,.500,0,0,,0,0,,2,5,7,0,0,2,3,3,2,1.1,-11
41,39,2006-01-21,12001,UTA,H,CLE,L (-18),0,10:19,1,1,1.000,0,0,,1,2,.500,1,0,1,1,1,0,0,1,3,4.3,-5
42,40,2006-01-23,12003,UTA,H,NJN,W (+11),0,6:14,0,1,.000,0,0,,0,0,,1,1,2,0,0,1,1,1,0,-0.4,-3
43,41,2006-01-25,12005,UTA,H,SEA,L (-19),0,9:23,0,1,.000,0,0,,2,4,.500,2,1,3,0,0,1,1,1,2,1.5,-8
45,42,2006-01-30,12010,UTA,H,SAS,L (-9),0,14:34,1,2,.500,0,0,,3,4,.750,3,2,5,1,0,0,1,1,5,5.6,-9
46,43,2006-02-01,12012,UTA,H,DEN,W (+13),0,3:34,0,0,,0,0,,0,0,,1,0,1,0,0,0,1,0,0,-0.3,-8
47,44,2006-02-03,12014,UTA,H,SAC,W (+10),0,19:58,2,4,.500,0,0,,2,2,1.000,4,6,10,0,0,3,1,2,6,8.9,+5
48,45,2006-02-05,12016,UTA,A,SAC,L (-18),0,25:48,0,4,.000,0,0,,2,2,1.000,3,2,5,1,0,3,1,2,2,2.9,-7
49,46,2006-02-06,12017,UTA,H,CHI,W (+2),0,25:13,2,3,.667,0,0,,2,4,.500,2,7,9,2,0,0,1,3,6,6.6,+7
50,47,2006-02-10,12021,UTA,A,MIN,W (+14),0,13:18,0,1,.000,0,0,,0,0,,0,2,2,2,0,0,0,1,0,0.9,+3
51,48,2006-02-11,12022,UTA,A,HOU,L (-14),0,12:19,0,2,.000,0,0,,0,0,,0,2,2,2,0,1,0,3,0,0.1,-17
52,49,2006-02-13,12024,UTA,A,LAL,L (-6),0,6:10,0,1,.000,0,0,,0,0,,1,0,1,0,0,0,0,0,0,0.0,-11
53,50,2006-02-21,12032,UTA,H,BOS,L (-20),0,3:50,0,0,,0,0,,0,0,,0,0,0,1,0,0,1,0,0,-0.3,+2
56,51,2006-02-27,12038,UTA,A,GSW,W (+9),0,4:42,0,0,,0,0,,0,0,,0,0,0,0,0,1,0,1,0,0.3,-3
57,52,2006-03-01,12040,UTA,H,CHA,L (-15),0,12:00,2,2,1.000,0,0,,0,0,,1,1,2,1,0,1,0,3,4,4.6,-1
58,53,2006-03-03,12042,UTA,H,LAC,W (+2),0,1:27,0,0,,0,0,,0,0,,1,1,2,1,0,0,0,0,0,1.7,+3
59,54,2006-03-05,12044,UTA,A,SEA,L (-32),0,13:25,0,0,,0,0,,0,0,,1,1,2,0,0,1,1,3,0,-0.5,-7
60,55,2006-03-06,12045,UTA,H,ORL,W (+5),0,6:06,0,1,.000,0,0,,0,0,,1,2,3,0,0,3,0,1,0,2.3,+2
63,56,2006-03-14,12053,UTA,A,MIA,L (-38),0,6:35,0,1,.000,0,0,,0,0,,0,0,0,1,0,1,0,3,0,-0.5,-11
70,57,2006-03-27,12066,UTA,H,NOK,W (+24),0,2:45,0,0,,0,0,,0,0,,0,2,2,0,0,1,0,0,0,1.3,0
76,58,2006-04-08,12078,UTA,H,POR,W (+17),0,2:16,0,0,,0,0,,0,0,,0,0,0,1,0,0,0,2,0,-0.1,-4
80,59,2006-04-16,12086,UTA,A,DAL,L (-16),0,9:09,0,0,,0,0,,1,2,.500,0,2,2,0,0,0,1,2,1,-0.6,+2
82,60,2006-04-19,12089,UTA,H,GSW,W (+3),0,3:36,0,0,,0,0,,0,2,.000,1,0,1,0,0,1,0,1,0,0.2,-10
